onsale_id,product_id,name
1,1550,欢乐家久宝桃罐头
2,1551,欢乐家杨梅罐头
3,1552,欢乐家蜜桔
4,1553,欢乐家岭南杂果罐头
5,1554,黑金刚巧力
6,1555,黑金刚咔奇脆巧力
7,1556,黑金刚大蘑头
8,1557,奥利奥原味
9,1558,奥利奥树莓蓝莓
10,1559,奥利奥缤纷双果味
11,1560,奥利奥桶装巧力味
12,1561,奥利奥（桶装）
13,1562,沱牌福
14,1563,莲花晶体味精500
15,1564,99%400味精
16,1565,99%200味精
17,1566,南方黑芝麻糊
18,1567,六神花露水
19,1568,六神花露水
20,1569,六神沐浴露
21,1570,六神金盏菊香皂
22,1571,六神百合香皂
23,1572,六神清凉沐浴露
24,1573,六神清凉沐浴露
25,1574,万丽洁厕精
26,1575,龙义和牛肉胡辣汤
27,1576,龙亮逍遥胡辣汤
28,1577,欢悦蕃茄酱
29,1578,舒蕾滋养洗发露
30,1579,博益杀虫剂
31,1580,博益蚊子药
32,1581,小当家30（香葱）
33,1582,加加老王500
34,1583,加加香醋
35,1584,加加黄豆酱油
36,1585,加加鸡精
37,1586,加加鸡精
38,1587,加加面条鲜500
39,1588,加加全新一代
40,1589,加加908味精
41,1590,加加陈醋
42,1591,加加白醋
43,1592,加加珍险老500毫000
44,1593,壶加加红烧老王
45,1594,加加红烧酱油
46,1595,加加味精
47,1596,加加味精
48,1597,加加味精100
49,1598,劲扑自然无味
50,1599,劲扑清新花香
51,1600,劲扑速效王
52,1601,劲扑蚊香
53,1602,豆沙包冰棍
54,1603,好吉利120面巾纸
55,1604,好吉利
56,1605,圣峰冰茶牙膏
57,1606,圣峰亮齿白
58,1607,老阿妈火锅料
59,1608,老阿妈火锅料
60,1609,老阿妈汤料200
61,1610,老阿妈枸杞红枣火锅汤料
62,1611,老阿妈枸杞桂圆火锅汤料
63,1612,12果然多
64,1613,双汇酷溜270
65,1614,拉芳滋养修复200
66,1615,拉芳水润去屑
67,1616,拉芳锔油垂顺
68,1617,拉芳滋润修复
69,1618,拉芳护发素
70,1619,拉芳嗜喱水
71,1620,拉芳ㄠ膏
72,1621,692358E12
73,1622,拉芳400洗发水
74,1623,长寿桃
75,1624,500皇百界香米醋
76,1625,皇百界五香酱油
77,1626,皇百界草菇老
78,1627,皇百界柿子醋
79,1628,红烧酱油
80,1629,皇百界小米香醋
81,1630,皇百界姜汁醋360
82,1631,黄百界糯米香醋
83,1632,皇百界白米醋
84,1633,皇百界老陈醋
85,1634,百事可乐2000
86,1635,美年达橙饮料2000
87,1636,美年达苹果饮料2000
88,1637,百事可乐
89,1638,美年达
90,1639,红九九火锅料400
91,1640,达利园法式软面包
92,1641,可比薯脆泡菜味
93,1642,可比薯脆原味
94,1643,可比薯乐圈
95,1644,可比薯乐圈
96,1645,可比薯乐圈22
97,1646,可比劲爆香辣味
98,1647,好舒爽瞬洁舒芯
99,1648,舒爽超薄棉柔
100,1649,好舒爽夜棉
101,1650,好舒爽丝薄10
102,1651,好舒爽加长护垫
103,1652,好舒爽卫生护垫20
104,1653,500珍品河套老窖
105,1654,全统米果（小包）
106,1655,500霸王炬油发膜
107,1656,霸王黑芝麻
108,1657,霸王洗发露400多
109,1658,加加美味鲜生
110,1659,唐三纪番茄沙司
111,1660,肖家凉菜调料
112,1661,肖家孜然粉
113,1662,肖家包子饺子料
114,1663,肖家花椒粉40
115,1664,肖家大盘鸡料
116,1665,肖家花椒籽30
117,1666,肖家大红八角
118,1667,30肖家香炖鸡料
119,1668,肖家白胡椒粉30
120,1669,25肖家香炖排骨肉料
121,1670,盼盼麦香鸡块
122,1671,盼盼袋装烧烤牛排
123,1672,盼盼墨西哥鸡卷
124,1673,盼盼烧烤牛排
125,1674,盼盼鸡卷
126,1675,盼盼蔬菜味
127,1676,盼盼麦香味
128,1677,盼盼法式软面包
129,1678,盼盼法式软面包
130,1679,恋味麻婆豆腐46
131,1680,恋味鱼香肉丝46
132,1681,恋味炖鸡料
133,1682,恋味煮肉料
134,1683,恋味炖鱼料
135,1684,可比薯烧烤味
136,1685,达利园蛋黄派
137,1686,达利园蛋黄派500
138,1687,达利园草莓派
139,1688,好吃点香脆杏仁饼
140,1689,好吃点（腰果饼）饼干
141,1690,好吃点香脆核桃饼
142,1691,达利金麦圈
143,1692,达利金麦圈198
144,1693,达利园法式香奶面包
145,1694,可比金装香辣海苔
146,1695,可比大桶孜然味
147,1696,可比金装大桶薯
148,1697,可比金装薯
149,1698,达利园瑞士卷
150,1699,达利瑞士卷草莓味
151,1700,达利瑞士卷香蕉味
152,1701,达利园软面包
153,1702,227王守义十三香
154,1703,王守义炖肉粉
155,1704,王守义花椒粉20
156,1705,王守义炖鸡料
157,1706,王守义炖鱼料
158,1707,王守义包饺子粉35
159,1708,王守义孜然粉
160,1709,王守义白胡椒粉25
161,1710,老干妈辣三丁
162,1711,老干妈风味鸡油辣椒
163,1712,滇虹康王锔油发膜
164,1713,100太太乐鸡精
165,1714,200太太乐鸡精
166,1715,2000紫林陈醋
167,1716,820紫林山西陈醋
168,1717,紫林袋装陈醋
169,1718,紫林纯白米醋820
170,1719,奥妙洗衣粉
171,1720,迪彩护发素400
172,1721,迪彩炬油膏
173,1722,莲荟弹力素
174,1723,莲荟波浪素
175,1724,迪彩洗发露400
176,1725,莲荟(洗发露)
177,1726,莲荟洗发水
178,1727,莲荟洗发露
179,1728,莲荟柔顺洗发水
180,1729,乐源果粒橙25000
181,1730,乐源果粒橙(大)
182,1731,纯果乐鲜果粒
183,1732,果缤纷柠爽葡醉味
184,1733,纯果乐果缤纷
185,1734,纯果乐鲜果粒
186,1735,泰美蔬菜卷
187,1736,泰美蔬莱卷(120
188,1737,泰美蔬莱卷(12)
189,1738,丰悦长粒香米
190,1739,方正精洁米
191,1740,泰禾有盖杯
192,1741,泰禾双色星座杯TH223
193,1742,李大厨孜然芝麻香
194,1743,李大厨肉味
195,1744,李大厨炒菜王
196,1745,140麻辣王
197,1746,李大厨凉拌菜
198,1747,李大厨酱炒麻辣
199,1748,李大厨麻辣鸡味
200,1749,大甜瓜
201,1750,玉兰油美白香皂
202,1751,佳洁士炫白
203,1752,90佳洁士珍珠盐白牙膏
204,1753,136汰渍洗衣粉
205,1754,汰渍净白去渍
206,1755,碧浪茉莉洗衣粉
207,1756,玉兰油清透型香皂
208,1757,舒肤佳纯白浴液
209,1758,潘婷乳修
210,1759,潘婷丝质顺滑
211,1760,舒肤佳纯白清香皂
212,1761,飘柔洗发水
213,1762,飘柔洗发水
214,1763,汰渍全效炫白
215,1764,康师傅桶整件（香辣）
216,1765,康师傅包（爆椒）
217,1766,康师傅包（红烧）
218,1767,康师傅牛肉面（香辣）
219,1768,康师傅桶（红烧）
220,1769,康师傅香辣牛肉面
221,1770,康师傅包整件（香辣）
222,1771,康师傅桶整件（红烧)
223,1772,伊卡露空气清新剂桂花香
224,1773,伊卡露空气清新剂450
225,1774,南街村香辣热干面
226,1775,南街村凉调面麻酱
227,1776,45王守义十三香
228,1777,水果沙拉黄桃多
229,1778,水果沙拉菠萝爽
230,1779,旺旺维多粒
231,1780,旺旺维多粒桃果味
232,1781,旺旺维多粒菠萝味
233,1782,强生牛奶皂
234,1783,强生热痱粉
235,1784,好迪亮泽洗发水
236,1785,好迪洗发水400
237,1786,好迪ㄠ水
238,1787,好迪精华素者喱水
239,1788,好迪柔亮焕彩
240,1789,好迪h油洗发露
241,1790,好迪洗手液500
242,1791,好迪绿茶洗手液500
243,1792,好迪超爽特硬哩水
244,1793,好迪高弹哩水
245,1794,美王洗发水
246,1795,美王柔顺洗发水
247,1796,蒂花之秀500柠檬除菌
248,1797,蒂花之秀修护洗发水
249,1798,蒂花之秀止痒洗发水
250,1799,蒂花之秀营养洗发水
251,1800,蒂花之秀护发素
252,1801,蒂花之秀染烫洗发露
253,1802,蒂花之秀h油500
254,1803,蒂花之秀弹力素
255,1804,帝花之秀弹力素
256,1805,旺旺果粒多
257,1806,果粒多系列
258,1807,神象特制粉
259,1808,加加特级草菇老
260,1809,加加老王
261,1810,500加加草姑酱油
262,1811,500加加金标生王
263,1812,200红枣干
264,1813,蕙衣草洗发水
265,1814,蕙衣草洗发水
266,1815,薰衣草洗发露
267,1816,薰衣草洗发露
268,1817,薰衣草去屑洗发露
269,1818,薰衣草洗发露
270,1819,熏衣草洗发露
271,1820,750薰衣草
272,1821,熏衣草洗发水
273,1822,鹌鹑蛋
274,1823,达利园和其正
275,1824,达利园和其正凉茶
276,1825,雅美清新剂
277,1826,雅美清新剂520
278,1827,草原红太阳美味调料
279,1828,草原红太阳汤料200
280,1829,草原红太阳
281,1830,草原红太阳辣汤料
282,1831,208红太阳草本
283,1832,红太阳炸酱一绝五香味
284,1833,草原红太阳火锅底料
285,1834,150草原红太阳火锅底料
286,1835,美味碗料
287,1836,皇家红暑淀粉
288,1837,雪花啤酒
289,1838,雪花啤酒
290,1839,18旺仔牛奶糖
291,1840,兰卓丽淋浴露
292,1841,爽儿宝纸尿裤
293,1842,爽儿宝纸尿裤
294,1843,全统米果（大包）
295,1844,迪迦奥特曼
296,1845,上好佳鲜虾条
297,1846,上好佳鲜虾10
298,1847,上好佳洋葱圈18
299,1848,上好佳洋葱卷
300,1849,佳隆鸡精
301,1850,佳隆鸡粉
302,1851,小小酥黑胡椒
303,1852,雕牌全效洗洁精
304,1853,雕牌天然皂粉
305,1854,纳爱斯牙膏95
306,1855,纳爱斯脱敏冰清牙膏
307,1856,纳爱丝柠檬绿茶牙膏
308,1857,伢牙乐牙膏
309,1858,纳爱斯儿童牙膏
310,1859,纳爱斯牙膏
311,1860,136000雕超白加香粉
312,1861,超能天然皂粉
313,1862,雕牌焕彩植物皂
314,1863,超能双离子洗衣液
315,1864,雕牌高级增白皂
316,1865,奥利奥草莓
317,1866,奥利奥巧力
318,1867,奥利奥饼干
319,1868,卡夫鬼脸嘟嘟
320,1869,卡夫鬼脸嘟嘟巧力
321,1870,郎酒(蓝色经典)
322,1871,郎酒(红色经典)
323,1872,两面针强效中药牙膏
324,1873,蓝月亮菊花洗手液
325,1874,娃哈哈爽歪歪
326,1875,娃哈哈爽歪歪
327,1876,营养快线
328,1877,营养快线
329,1878,力士香皂
330,1879,力士清爽净肤
331,1880,中华健齿白牙膏
332,1881,中华皓清牙膏
333,1882,中华牙膏
334,1883,中华芦荟水晶牙膏
335,1884,中华魔丽迅白牙膏
336,1885,冷酸灵冰拧牙膏
337,1886,冷酸灵抗过敏牙膏
338,1887,加强型冷酸灵牙膏
339,1888,雨洁活力清宁
340,1889,拉芳盈亮动感ㄠ凝露
341,1890,拉芳美多丝轻柔卷曲弹力素
342,1891,茉莉花香皂
343,1892,福乐尔香皂
344,1893,金银花去火牙膏
345,1894,今麦朗冰红茶
346,1895,今麦郎红茶
347,1896,今麦郎果粒橙
348,1897,今麦郎果粒橙
349,1898,皮皮狗热痱粉
350,1899,皮皮狗花露水
351,1900,华湖凝香皂盒
352,1901,追风柠檬香皂
353,1902,追风清新香皂
354,1903,金针菇
355,1904,味宜沙拉
356,1905,黄金晴大米
357,1906,诺豪保鲜膜
358,1907,诺豪保鲜膜
359,1908,黑人茶倍健牙膏
360,1909,家家红草莓罐头
361,1910,宏达纸杯100只
362,1911,宏达纸杯
363,1912,清我塑杯
364,1913,宏塑杯子
365,1914,采诗珍珠美白洁面乳
366,1915,采诗果酸美白洁面乳
367,1916,采诗芦荟保湿洁面乳
368,1917,200奥九宝鸡精
369,1918,奥桶鸡粉
370,1919,盼盼虾条
371,1920,大红袍珍品400
372,1921,150大红袍红汤火锅底料
373,1922,立白矿物盐洗洁精
374,1923,立白荷花洗洁精11000
375,1924,立白洗洁精
376,1925,立白芦荟洗洁精
377,1926,立白生姜洁精15000
378,1927,立白矿物盐浓缩洗洁精
379,1928,立白荷花洗洁精
380,1929,立白香橙洗洁精
381,1930,立白金桔洗洁精
382,1931,立白金橘洗洁精
383,1932,立白清洁剂500
384,1933,超威强效洁厕净
385,1934,立白珍珠亮白牙膏
386,1935,50立白儿童牙膏
387,1936,海带结(火锅)
388,1937,家惠虾皮
389,1938,绍兴黄酒
390,1939,500雪碧
391,1940,立白香橙洗洁精
392,1941,立白天然柔护皂粉
393,1942,立白全效洗液500
394,1943,立白全效洗衣液1000
395,1944,2000立白全效护理洗衣液
396,1945,立白植物皂
397,1946,立白增白皂
398,1947,立白浓缩洗衣粉15000
399,1948,立白全自动浓缩粉620
400,1949,立白去渍霸
401,1950,立白超洁清新洗衣粉
402,1951,立白彩漂液
403,1952,立白去渍霸皂粉680
404,1953,立白超洁清新
405,1954,立白超洁清新
406,1955,立白浓缩洗衣粉330
407,1956,立白去渍霸
408,1957,立白木瓜洗洁精15000
409,1958,立白超级粉
410,1959,立白超洁清新
411,1960,立白超级粉
412,1961,立白冷水粉
413,1962,立白冷水粉
414,1963,立白易漂洗
415,1964,立白肥皂
416,1965,2000立白洗衣液
417,1966,立白木瓜洗洁精
418,1967,立白生姜洗洁精
419,1968,芙蓉王（单盒）
420,1969,梦幻香皂
421,1970,凯达空气清新剂
422,1971,凯达桂花空气清新剂
423,1972,云南白牙膏
424,1973,浪奇木瓜香皂
425,1974,雕牌洗衣皂
426,1975,雕牌超效洗洁精
427,1976,纳爱斯香皂
428,1977,纳爱斯珍珠营养皂
429,1978,纳爱斯珍珠香皂
430,1979,纳爱斯珍珠皂
431,1980,阿尔卑斯
432,1981,爱家固体清香剂、柠檬
433,1982,爱家桂花香
434,1983,小当家30（香辣蟹）
435,1984,达利园草莓派
436,1985,可比薯
437,1986,可比薯22
438,1987,可比原滋味
439,1988,可比薯番茄味
440,1989,可比薯香辣味
441,1990,王中王(清真)
442,1991,双汇弹脆(整件)
443,1992,双汇弹脆香肠
444,1993,双汇泡面拍挡
445,1994,双汇泡面拍档
446,1995,佳洁士草本水晶牙膏
447,1996,佳洁士防蛀修护
448,1997,90佳洁士盐白牙膏
449,1998,佳洁士茶洁防蛀牙膏
450,1999,飘柔洗发露
451,2000,飘柔清爽滋润洗发水
452,2001,飘柔洗发露
453,2002,飘柔去屑洗发水
454,2003,舒肤佳芦荟400
455,2004,舒肤佳薄菏沐浴露
456,2005,舒肤佳薄荷沐浴露
457,2006,恋味孜然粉46
458,2007,原汁红茶绿茶
459,2008,雀巢原叶茶
460,2009,美汁源果粒橙
461,2010,125000美汁源果粒橙
462,2011,美汁源果粒奶优
463,2012,果粒奶幼
464,2013,美汁源果粒奶优
465,2014,尖叫纤维运动饮料
466,2015,550农夫山泉纯净水
467,2016,农夫山泉天然水380
468,2017,380农夫山泉天然水
469,2018,农夫果园（橙汁混合）
470,2019,农夫山泉矿泉水
471,2020,葱件侣豆瓣酱
472,2021,蓝莓薄荷益牙木糖醇
473,2022,雅客益牙木糖醇（草莓）
474,2023,雅客超冰无糖纯
475,2024,雅客木糖醇香橙
476,2025,雅客香浓哈密瓜
477,2026,雅香甜木糖醇
478,2027,雅客无糖口香糖
479,2028,雅客木糖醇（草莓味）
480,2029,雅客木糖醇（蜜瓜味）
481,2030,雅客木糖醇（香橙味）
482,2031,旺仔QQ糖蓝莓味
483,2032,亿人康芝麻香
484,2033,亿人康麻辣鲜160
485,2034,亿人康芝麻酱
486,2035,今野拉面香辣牛肉面
487,2036,今野拉面
488,2037,思念芝麻球260
489,2038,果果脆（蜜瓜味）雪糕
490,2039,思念春卷(306)
491,2040,思念鸡蛋韭菜饺子(450)
492,2041,思念馄饨220
493,2042,思念猪肉大葱(500)
494,2043,思念三鲜水饺(1000)
495,2044,老干妈牛肉末
496,2045,老干妈干煸肉丝
497,2046,老干妈风味豆豉
498,2047,陶花碧老干妈油辣椒
499,2048,18000上海鼎丰白醋
500,2049,500食盐
501,2050,红灯痱子粉
502,2051,雁王海螺酥
503,2052,孝感佬米酒(348)
504,2053,孝感佬米酒
505,2054,荣平小花银耳
506,2055,荣平黑木耳
507,2056,彩虹果汁糖
508,2057,益达口香糖
509,2058,25000汇源橙汁
510,2059,25000汇源果肉
511,2060,汇源橙汁饮料
512,2061,汇源桃果肉饮料
513,2062,汇源纯净水
514,2063,果鲜美
515,2064,倩雪泡沫洗颜膏
516,2065,采乐护色洗发水
517,2066,采乐清爽洗发水
518,2067,采乐柔顺洗发露
519,2068,采乐清爽洗发露
520,2069,采乐滋润洗发露
521,2070,京遥胡辣汤
522,2071,妙脆角双番味
523,2072,妙脆角海鲜味
524,2073,妙脆角葱香原味
525,2074,妙脆角葱香味小包
526,2075,妙脆角碳烧味小包
527,2076,松花鸭皮蛋(六枚)
528,2077,咸鸭蛋(六枚)
529,2078,泸州五粮窖藏酒
530,2079,瓜果刨
531,2080,一级稻花香
532,2081,申花芝麻花生调和油
533,2082,莲菜
534,2083,恒盛杏仁85（小包)
535,2084,杏瓣（大包）
536,2085,精制粉皮
537,2086,腐竹
538,2087,150红九九
539,2088,不锈钢口杯
540,2089,明发鸡蛋
541,2090,明发香酥蹄
542,2091,40明l泡香蛋
543,2092,明发鸡脖
544,2093,天天喜鸡腿
545,2094,天天喜鸡腿
546,2095,酸菜鱼
547,2096,金世仟黄花什锦
548,2097,四组调味盒
549,2098,易厨海带丝
550,2099,野生虾皮
551,2100,魔冰水蜜桃
552,2101,魔冰橙汁
553,2102,魔冰萍果汁
554,2103,魔冰桃汁
555,2104,乐源果粒橙
556,2105,乐源果粒橙
557,2106,南街村凉调面香辣
558,2107,200南德
559,2108,120大南德
560,2109,南德调味料400
561,2110,208南德
562,2111,南德五香八大味
563,2112,维维高钙豆奶粉
564,2113,维维豆奶
565,2114,维维无糖麦
566,2115,卡夫脆脆多甜橙味
567,2116,卡夫王子脆脆多
568,2117,达能夹心饼干
569,2118,达能王子草莓饼干
570,2119,卡夫王子夹心饼干
571,2120,求派洗发露
572,2121,求派沐浴露
573,2122,求派去屑洗发露
574,2123,蜂花蚕丝蛋白护发素
575,2124,蜂花护发素
576,2125,西麦燕麦
577,2126,西麦罐装燕麦
578,2127,浪味仙30
579,2128,浪味仙蔬菜口味
580,2129,一见钟情花生奶
581,2130,一见钟情花生奶
582,2131,学堂盐锔麻仁
583,2132,5000汇福大豆油
584,2133,米多奇馍干
585,2134,米多奇馍丁
586,2135,浓缩鲜鸡汁
587,2136,石人山麻辣鲜400
588,2137,石人山肉宝王305
589,2138,202石人山金典芝麻香
590,2139,石人山味宝400麻辣46
591,2140,石人山半斤香170
592,2141,香鲜一品骨汤料
593,2142,天冰麦吧
594,2143,卡罗蒂雪糕
595,2144,草原红太阳火锅蘸料
596,2145,红太阳火锅汤料
597,2146,红太阳火锅汤料辣汤
598,2147,特浓旺仔小馒头
599,2148,沐浴总管
600,2149,丁家宜补水洁面乳
601,2150,丁家宜控油抗痘洗面乳
602,2151,丁家宜水嫩保湿面奶
603,2152,丁家宜男士活性矿泥
604,2153,白象大骨面、原汁猪骨
605,2154,白象大骨面、辣猪骨
606,2155,白象大骨面（原汁猪骨）
607,2156,白象香辣猪骨面
608,2157,白象大骨面、鸡汁
609,2158,金白象方便面97
610,2159,白象大骨面（大骨鸡汁）
611,2160,鑫光竹筷
612,2161,张老大排骨味
613,2162,好迪精华营养洗发水
614,2163,好迪柔顺护理倍直垂顺400
615,2164,帮洁厕净
616,2165,帮洁厕净900
617,2166,王致和大块腐乳
618,2167,王致和料酒
619,2168,伊利纯牛奶
620,2169,伊利牛奶(盒)
621,2170,伊利牛奶
622,2171,250伊利优酸乳
623,2172,伊利优酸乳整件
624,2173,伊利纯牛奶整件
625,2174,伊利QQ星草莓味
626,2175,伊利QQ星原味
627,2176,伊利金典牛奶
628,2177,伊利Q星奶
629,2178,伊利QQ星原味
630,2179,伊利舒化奶
631,2180,伊利果之优酸乳(整件)
632,2181,伊利谷粒多
633,2182,天冰小布丁
634,2183,丹巴碧乳霜沐浴露
635,2184,三全羊肉水饺
636,2185,三全黑芝麻汤圆500
637,2186,500三全猪肉馄饨
638,2187,160香辣碗料
639,2188,愚公移山蜂蜜菊花晶
640,2189,愚公牌葡萄糖
641,2190,菊花晶(降火王)
642,2191,菊花晶
643,2192,冰糖菊花晶
644,2193,银鹭桂圆八宝粥
645,2194,银鹭花生牛奶
646,2195,银鹭花生牛奶250整件
647,2196,银鹭花生饮料
648,2197,银鹭花生牛奶
649,2198,银鹭八宝粥整件
650,2199,盘中餐花生调和油
651,2200,盘中餐花生调和油
652,2201,泸州八年陈酒
653,2202,金锣福火腿肠
654,2203,熊头水壶
655,2204,家家红桔
656,2205,家家红桔罐头
657,2206,家家红草莓罐头
658,2207,冷酸灵盐爽白牙膏
659,2208,黑妹野菊花牙膏
660,2209,海天特级草菇老
661,2210,海天老王
662,2211,海天草菇老
663,2212,海天老王
664,2213,海天黄豆酱
665,2214,海天白米醋
666,2215,海天辣黄豆酱
667,2216,海天特辣黄豆酱
668,2217,海天黄豆酱
669,2218,雅士利高钙豆奶粉
670,2219,雅士利AD钙豆奶粉
671,2220,550乐百氏纯净水
672,2221,六必治百年牙膏
673,2222,六必治超口感
674,2223,白云边陈酿3年酒
675,2224,恒顺9度米醋500
676,2225,双汇火腿肠
677,2226,双汇王中王
678,2227,双汇王中王
679,2228,加钙双汇王
680,2229,双汇王中王
681,2230,清真牛肉肠
682,2231,双汇鸡肉肠
683,2232,酱鸭风味香肠50
684,2233,双汇酱鸭风味
685,2234,40弹脆王
686,2235,400弹脆王
687,2236,双汇好滋味
688,2237,弹脆香肠
689,2238,双汇脆骨香肠
690,2239,95Q趣
691,2240,95Q趣
692,2241,小康之家
693,2242,润口香甜王
694,2243,香辣香脆肠
695,2244,台式烤香肠
696,2245,香辣烤肠
697,2246,双汇火腿肠
698,2247,小康之家火腿肠
699,2248,双汇泡面啪挡
700,2249,双汇泡面排挡
701,2250,双汇鸡肉肠
702,2251,鱼肉火腿肠
703,2252,双汇午餐火煺
704,2253,双汇蒜蓉烤肠
705,2254,加钙双汇王(380)
706,2255,双汇清真鸡肉肠400
707,2256,清真鸡肉王400
708,2257,双汇清真牛肉肠
709,2258,双汇清真牛肉王
710,2259,双汇爆炒肠
711,2260,双汇蒜蓉烤肠
712,2261,金双汇
713,2262,双汇鸡肉肠
714,2263,香辣牛肉王
715,2264,香辣鸡肉王
716,2265,双汇香甜鸡肉王340
717,2266,双汇马可波罗
718,2267,双汇五香牛肉
719,2268,王中王
720,2269,双汇骨香王中王
721,2270,双汇金华火腿肠
722,2271,双汇王中王
723,2272,小状元(4支)
724,2273,小状元(12支)
725,2274,仙果源黄桃罐头
726,2275,仙果源山楂罐头
727,2276,仙果源雪梨罐头
728,2277,仙果源苹果罐头
729,2278,仙果源水果罐头
730,2279,老才臣豆腐乳
731,2280,金逸香薰调理
732,2281,金逸香薰调理
733,2282,金逸香薰调理
734,2283,满香苑花生芝麻油
735,2284,茉莉蜜茶
736,2285,加菲猫儿童花露水
737,2286,加菲猫花露水
738,2287,雅芙核桃粉
739,2288,雅芙黑芝麻糊
740,2289,雅芙中老年低糖豆奶粉
741,2290,雅芙高钙豆奶粉
742,2291,蒂花之秀澡巾
743,2292,雅宝牛奶沐浴露
744,2293,雅宝牛奶沐浴
745,2294,伟华32加深味盆
746,2295,伟华24加深味盆
747,2296,伟华32反边面盆
748,2297,妙脆角炭烧味
749,2298,妙脆角（香浓辣鸡）
750,2299,舒莱丝薄卫生巾
751,2300,舒莱组合装（网）
752,2301,舒莱加长护垫
753,2302,亲亲吸吸果冻
754,2303,亲亲吸吸蓝莓红茶
755,2304,亲亲什锦果肉
756,2305,30亲亲虾条
757,2306,亲亲虾条
758,2307,亲亲果冻
759,2308,亲亲乳酸果冻吸
760,2309,250巴蜀人家豆瓣
761,2310,巴蜀郫县豆瓣
762,2311,小帅才香米饼
763,2312,小帅才米饼
764,2313,小帅才法式软面包
765,2314,52小帅才香米饼
766,2315,小帅才蛋黄派
767,2316,小帅才草莓派
768,2317,小帅才雪饼
769,2318,女主角超薄贴身
770,2319,女主角超薄贴身
771,2320,妮好桶装湿巾
772,2321,妮好通用型湿巾
773,2322,黑金刚巧力
774,2323,恋味炖料28
775,2324,恋味生粉
776,2325,烤紫菜
777,2326,恋味烩面料46
778,2327,恋味花椒粉
779,2328,恋味白胡椒粉46
780,2329,小二黑生王
781,2330,金龙鱼5000大豆油
782,2331,金龙鱼
783,2332,８４消毒液
784,2333,成长钙
785,2334,金剑鱼鸡粉
786,2335,老村长480
787,2336,老村长酒
788,2337,金龙鱼调和油5000
789,2338,托马斯小火车(大)
790,2339,玉米面
791,2340,鸡蛋面
792,2341,龙须面
793,2342,爽骨面
794,2343,手擀面
795,2344,担担面
796,2345,福寿面
797,2346,绿豆面条
798,2347,原味面
799,2348,红薯面
800,2349,造型饼干
801,2350,佳丰牌玉米粳
802,2351,霸王人参洗发露
803,2352,霸王洗发露
804,2353,霸王防脱
805,2354,尚康菠萝密沙月饼
806,2355,尚康豆沙月饼
807,2356,丁家宜一洗白
808,2357,丁家宜面容洗白面奶
809,2358,梅花味精
810,2359,梅花味精
811,2360,13安琪效母
812,2361,18雀巢咖啡
813,2362,250丹丹豆瓣
814,2363,11000丹丹豆瓣
815,2364,丹丹郫县豆瓣400
816,2365,500丹丹豆瓣
817,2366,950丹丹豆瓣
818,2367,正航趣味饼干
819,2368,正航快乐熊仔
820,2369,倩雪芦荟洁面乳
821,2370,拉芳止痒沐浴露
822,2371,雨洁倍润修复
823,2372,雨洁水之润洗发露
824,2373,雨洁水之润丝质顺滑
825,2374,雨洁活力洗发露
826,2375,雨洁活力青柠
827,2376,雨洁去屑洗发露
828,2377,雨洁去屑洗发水
829,2378,张老大麻辣鲜
830,2379,张老大肉味鲜
831,2380,张老大芝麻香
832,2381,九头崖月饼枣蓉馅
833,2382,九头崖月饼豆沙馅
834,2383,九头崖香竽
835,2384,九头崖梧桐街（香橙味）
836,2385,九头崖月饼凤梨馅
837,2386,九头崖月饼哈密瓜
838,2387,九头崖月饼蛋黄馅
839,2388,九头崖伍仁
840,2389,白糖
841,2390,皇家御厨红砂糖
842,2391,迪彩防干桔
843,2392,双童70003彩条弯吸管
844,2393,双童饮用尖头吸管70523
845,2394,雅美空气清新剂
846,2395,仲景原味香菇酱
847,2396,仲景香辣香菇酱
848,2397,仲景麻辣香菇酱
849,2398,高原果汁(密桃)妙字号
850,2399,高原果汁(萍果)妙字号
851,2400,妙字号
852,2401,摇摆水果篮
853,2402,健康红枣
854,2403,羔羊肉
855,2404,圆碗
856,2405,仪隆甜面酱
857,2406,鸡蛋面
858,2407,绿豆面
859,2408,凯弟男士内裤
860,2409,百缘巧力
861,2410,百缘牛奶巧力
862,2411,25咖啡巧力
863,2412,百缘黑巧力
864,2413,百缘牛奶巧力
865,2414,80娅妃绵羊油美白霜
866,2415,香喷喷香鸡棒
867,2416,海飞丝质顺套装
868,2417,宝宝胡箩卜
869,2418,京元爽口福上海汤面
870,2419,爽口福金丝面
871,2420,京元爽口福拉面
872,2421,京元爽口福绿豆面
873,2422,京元爽口福
874,2423,爽口福猪骨面
875,2424,鲜鸡塘汤面
876,2425,牛骨汤面
877,2426,亮嗓清嘴牙膏
878,2427,老鼠爱大米南瓜酥
879,2428,佳品佳香酥馍王
880,2429,格林保温自动电饭锅
881,2430,皇家烤紫菜
882,2431,麻辣牛肉胡辣汤
883,2432,黑人牙膏
884,2433,王老吉
885,2434,80娅妃绵羊油防冻防裂膏
886,2435,康师傅面
887,2436,花牛牛酸奶露
888,2437,花花牛妙酸乳
889,2438,花花牛凝固型原酸牛奶
890,2439,维达果园飘香迷你纸
891,2440,娃哈哈营养快线
892,2441,娃哈哈牛奶咖啡
893,2442,80娅妃绵羊油日霜
894,2443,美鹏发快餐杯
895,2444,武陟咸油茶
896,2445,竹钻板
897,2446,嘉颜三合一洗发水
898,2447,友泉嫩肉粉
899,2448,好儿舒儿童霜
900,2449,为美你水晶之恋香水
901,2450,盼盼蓉香包
902,2451,盼盼法式小面包
903,2452,护理佳护翼卫生巾
904,2453,护理佳CR8910
905,2454,护理佳护翼卫生巾
906,2455,护理佳护翼卫生巾
907,2456,护理佳护翼卫生巾
908,2457,护舒宝
909,2458,南街村麻辣烫
910,2459,博大日本乌东面
911,2460,博大北京手擀面
912,2461,博大台湾阳春面
913,2462,博大儿童面
914,2463,160博大儿童蝴蝶面高钙
915,2464,100博大儿童蝴蝶面
916,2465,博大好福鸡蛋面
917,2466,博大明月吟龙须面
918,2467,博大面手排面
919,2468,博大担担面
920,2469,酷莎口香糖黄色
921,2470,亲亲棒冰草莓
922,2471,海全锅巴
923,2472,润心婴幼儿菊花晶
924,2473,润心贝贝菊花晶
925,2474,旺通无糖饼
926,2475,旺通粗粮消化饼（小米型）
927,2476,电动榨汁机
928,2477,电动榨汁机
929,2478,极品二锅头
930,2479,精品二锅头
931,2480,素鸡
932,2481,世通麻婆豆腐
933,2482,兵仔小白熊棉花糖
934,2483,兵仔欢乐谷棉花糖
935,2484,碗豆糕
936,2485,天冰冰动
937,2486,华纳九制果肉
938,2487,华纳香桃
939,2488,野酸枣
940,2489,红枣干
941,2490,帅龙大红枣
942,2491,真的好想你免洗枣
943,2492,子弹头插座
944,2493,北京果汁露露
945,2494,露露核桃露
946,2495,精品核桃露
947,2496,1段高钙高铁
948,2497,2段AD钙米粉
949,2498,3段高蛋白米粉
950,2499,水果蔬菜米粉
951,2500,鸡肉鱼肉米粉
952,2501,20绵羊油防冻防裂膏
953,2502,营养牛奶高钙麦0
954,2503,营养麦（1成长CTP）
955,2504,营养低脂低糖麦
956,2505,强力粘钩
957,2506,棒棒娃牛肉泡
958,2507,竹纤维内裤
959,2508,乐天七星
960,2509,乐天七星青柠味
961,2510,乐天七星
962,2511,乐天七星青柠味
963,2512,乐天七星青柠味（件）
964,2513,乐天七星铁罐
965,2514,粉丝可乐
966,2515,7%澳的利（各种口味）
967,2516,文具包
968,2517,鸡脖
969,2518,佛山日记本
970,2519,发嘉丽局油膏
971,2520,凯打茉莉香氛
972,2521,凯打玫瑰香氛
973,2522,云南白牙膏（薄荷清爽）
974,2523,小洋人男生女生
975,2524,小洋人妙恋大果粒
976,2525,唐记芝麻杆
977,2526,唐记芝麻杆
978,2527,优能威化饼
979,2528,粉丝套餐麻辣牛肉
980,2529,过桥米线
981,2530,宏发香酥王
982,2531,美佳美一口镆干
983,2532,尚源果汁系列
984,2533,尚源果汁系列2000
985,2534,尚之源橙汁
986,2535,嘉士利早餐饼167
987,2536,嘉士利甜薄脆饼1000
988,2537,嘉士利盒装鸡蛋簿饼
989,2538,嘉士利椰汁威化饼232
990,2539,嘉士利香芒威化饼232
991,2540,嘉士利朱古力威化饼232
992,2541,水星太空棉双人电热毯
993,2542,三黄鸡
994,2543,洁身专家
995,2544,蒙牛金装1段
996,2545,蒙牛金装1段
997,2546,蒙牛中老年高钙奶粉
998,2547,蒙牛金装3段
999,2548,蒙牛金装3段
1000,2549,蒙牛女士高钙奶粉
1001,2550,华优芒果汁
1002,2551,华优苹果醋
1003,2552,特丝巧力
1004,2553,特丝巧力
1005,2554,乐驰不锈钢鞋架
1006,2555,惠尔洁
1007,2556,惠尔洁
1008,2557,金稻谷米果棒
1009,2558,立白超威黑蚊香
1010,2559,大号圆型纸篓
1011,2560,垃圾铲
1012,2561,印花卫生桶
1013,2562,穆香十八香
1014,2563,穆香堂纯孜然粉
1015,2564,穆香堂烧菜烧肉料
1016,2565,穆香堂十全调料
1017,2566,穆香堂麻辣汤料
1018,2567,穆香堂炖鸡料
1019,2568,穆堂香麻婆豆腐
1020,2569,穆堂香鱼香肉丝
1021,2570,新新城一烧（巧力）
1022,2571,海勒啤酒
1023,2572,时代美深海泥局油膏
1024,2573,时代美高效营养局油膏
1025,2574,时代美活氧水离子局油膏
1026,2575,鸳鸯夹心饼干
1027,2576,鸳鸯夹心饼干
1028,2577,皇子米线乌鸡
1029,2578,皇子过桥米线（暇仁海鲜）
1030,2579,皇子手擀面（骨头汤味）
1031,2580,皇子手擀面（香辣牛肉）
1032,2581,蒙牛小小酸酸乳（件）
1033,2582,蒙牛晚上好（单）
1034,2583,蒙牛晚上好（件）
1035,2584,蒙牛真果粒（单）
1036,2585,蒙牛心情牧场
1037,2586,蒙牛巧脆滋
1038,2587,蒙牛妙点
1039,2588,老白干
1040,2589,卢州醇
1041,2590,露露幸露枸杞露
1042,2591,枸杞露
1043,2592,辉煌双位吸钩
1044,2593,志
1045,2594,杏花村52％
1046,2595,苍蝇拍
1047,2596,苍蝇拍
1048,2597,飘香四季洗发水
1049,2598,圣元较大婴儿奶粉
1050,2599,圣元3段
1051,2600,龙嫂酸辣米线
1052,2601,龙嫂酸麻辣牛肉米线
1053,2602,龙嫂麻辣米线
1054,2603,龙嫂红烧牛肉米线
1055,2604,龙嫂香菇鸡肉米线
1056,2605,龙嫂酸辣牛肉米线
1057,2606,龙嫂香菇鸡米线
1058,2607,龙嫂米线海虾仁
1059,2608,龙嫂桶装米线（各种口味)
1060,2609,龙嫂红烧牛肉米线
1061,2610,龙嫂风味肥肠
1062,2611,香酥鸡翅
1063,2612,香吧佬鸡腿
1064,2613,福临门花生油
1065,2614,福临色拉油
1066,2615,立白超洁无磷
1067,2616,立白除菌粉
1068,2617,白猫威煌高效洗衣粉
1069,2618,白猫洗洁精
1070,2619,雪碧
1071,2620,姜蒜醋
1072,2621,保宁醋
1073,2622,保宁白醋
1074,2623,保宁米醋
1075,2624,凉拌醋
1076,2625,光友鱼乡米丝
1077,2626,光友红烧牛肉味
1078,2627,光友肥肠味粉丝
1079,2628,摩天楼俏俏酸奶宝
1080,2629,摩天真开心
1081,2630,真巧实惠装（花生）
1082,2631,真巧巧力蛋卷(草莓)
1083,2632,龙佑香米
1084,2633,福佑珍珠米
1085,2634,口口香泰国香米
1086,2635,泰金香米
1087,2636,孟乍隆香米
1088,2637,天使庄园顺滑营养护发素
1089,2638,奥登堡威化
1090,2639,奥登堡威化
1091,2640,百合古力堡
1092,2641,蛋黄煎饼
1093,2642,韩式板烧
1094,2643,豆腐丝
1095,2644,红薯粉条
1096,2645,东北黑木耳
1097,2646,银耳花
1098,2647,香菇
1099,2648,莲子
1100,2649,百合
1101,2650,宁夏枸杞王
1102,2651,海带丝
1103,2652,明发橄榄菜
1104,2653,吉列泡
1105,2654,潮州牛肉丸
1106,2655,皮皮软糖
1107,2656,金雅蛋筒棉花糖
1108,2657,金雅橡皮糖
1109,2658,蛋筒棉花糖
1110,2659,金雅之星
1111,2660,金雅喜之糖
1112,2661,土豆粉
1113,2662,大头菜翡翠沙拉
1114,2663,小帅才杂粮消化芙麦型150
1115,2664,小帅才杂粮消化燕麦型150
1116,2665,佳威计算机
1117,2666,上珍果棒棒糖（各种口味）
1118,2667,爱口牙膏
1119,2668,贡菊花
1120,2669,爱爱花菇
1121,2670,百年旺川粉
1122,2671,百年旺粉皮
1123,2672,爱爱冰糖
1124,2673,百年旺辣椒丝
1125,2674,尹l小苏打
1126,2675,黛沙洗手液
1127,2676,黛沙独立清洗手液
1128,2677,亮姿洗手液
1129,2678,益壮维果蛋卷
1130,2679,怡雪超感动力牙刷
1131,2680,杰仕一次性手套
1132,2681,香万家调和油
1133,2682,羊肉卷
1134,2683,万寿宫糖水雪梨
1135,2684,泡椒干
1136,2685,香卤豆干
1137,2686,麻辣豆干
1138,2687,动感太空杯
1139,2688,紫竹紫菜汤
1140,2689,奥龙大豆色拉油
1141,2690,蜂花去屑护发素
1142,2691,面包
1143,2692,三辉面包
1144,2693,三辉快乐蛋糕棒
1145,2694,三辉快乐蛋糕棒
1146,2695,三辉日式纯蛋糕
1147,2696,三辉果珍蛋糕椰子
1148,2697,三辉果珍蛋糕香焦
1149,2698,皇家紫菜
1150,2699,嘉安空气清新剂
1151,2700,天下一梳黑
1152,2701,恋夫童趣威化
1153,2702,无油烟铂金炒锅
1154,2703,无油烟铂金炒锅
1155,2704,90卤之深酒鬼花生
1156,2705,雅客利是糖
1157,2706,雅客V9桶装
1158,2707,雅客凉点（薄荷）
1159,2708,雅客V9
1160,2709,雅客奶茶
1161,2710,日防瓷盘大
1162,2711,88华纳情侣梅
1163,2712,采乐绵羊奶护手霜
1164,2713,采乐凡士琳护手霜
1165,2714,采乐蜂蜜护手霜
1166,2715,采乐
1167,2716,采乐发苡修护h油膏
1168,2717,采乐牙膏
1169,2718,采乐防脱止痒洗发水
1170,2719,采乐防脱营养洗发水
1171,2720,高露洁草本三重牙膏
1172,2721,高露洁蜂胶牙膏
1173,2722,高露洁冰凉薄荷（买一送一）
1174,2723,高露洁超感牙膏（买一送一）
1175,2724,高露洁草本超强特惠装牙膏
1176,2725,高露冰爽草莓牙膏
1177,2726,正泰老爷爷花生米
1178,2727,伟龙好心卷
1179,2728,伟龙薄饼
1180,2729,大霸鱼鸡脯肉
1181,2730,柴火干
1182,2731,大霸王鸡汁串
1183,2732,大霸王熟食
1184,2733,大霸羊肉串
1185,2734,大霸玫瑰香干
1186,2735,卡卡
1187,2736,龟苓膏（芦荟）
1188,2737,龟苓膏（蜂蜜）
1189,2738,花花牛酸酸乳
1190,2739,迎华牌中老年无糖麦
1191,2740,盛华茶叶系列
1192,2741,排毒养颜茶
1193,2742,盛华桂花茶
1194,2743,盛华茶叶系列
1195,2744,肖佬五重庆火锅底料
1196,2745,160肖佬五麻辣鱼
1197,2746,力士水润丝滑洗发乳
1198,2747,力士纯净去屑
1199,2748,力士新活炫亮
1200,2749,力士滋养柔肤浴液
1201,2750,娃哈哈非常可乐
1202,2751,娃哈哈含氧水
1203,2752,娃哈哈晶莹葡萄汁饮料
1204,2753,雕牌促销装肥皂
1205,2754,雕牌增白皂
1206,2755,环加蛋锅巴
1207,2756,狗牙锅巴
1208,2757,香酥鸡脖
1209,2758,东旺可口夹心饼干
1210,2759,精点桃酥
1211,2760,椒盐葱油饼
1212,2761,亮P负离子h油亮发洗发水200
1213,2762,国华美食
1214,2763,国华美食
1215,2764,国华美食
1216,2765,王守义麻辣鲜
1217,2766,王守义炖鱼料
1218,2767,小洋人妙恋雪梨味
1219,2768,昌友高级蛋面
1220,2769,昌友鸡蛋面
1221,2770,泰国米粉
1222,2771,昌友台北沙河粉
1223,2772,汇源果星期六
1224,2773,汇源蓝猫咕噜噜果奶
1225,2774,移佳爆米花
1226,2775,维他豆奶粉
1227,2776,福星牌咸鸭蛋
1228,2777,米香奇
1229,2778,康源蔬果糕（各味）
1230,2779,杜康42度
1231,2780,160玄义煎饼（各种口味）
1232,2781,128玄义煎饼（各种口味）
1233,2782,荟康
1234,2783,荟康
1235,2784,荟康
1236,2785,荟康
1237,2786,美的电磁炉
1238,2787,美的电磁炉
1239,2788,美的电饭锅
1240,2789,灶王爷炒锅
1241,2790,灶王爷炒锅
1242,2791,康王发用洗剂
1243,2792,野生紫菜
1244,2793,五香鸡翅
1245,2794,五香粉
1246,2795,伊卡路草本精华
1247,2796,伊卡路中性发质护发素
1248,2797,伊卡路烫染、电烫、干性
1249,2798,伊卡路中性发质护发素
1250,2799,伊卡路烫染、电烫、干性
1251,2800,香心枣
1252,2801,三和红枣王
1253,2802,新郑枣
1254,2803,双汇王中王
1255,2804,双汇王中王
1256,2805,双汇王中王
1257,2806,双汇王中王
1258,2807,双汇王中王
1259,2808,永红牛肉干
1260,2809,永红牛肉脯
1261,2810,永红牛肉干
1262,2811,永红卤汁牛筋牛肉
1263,2812,卡通粘钩
1264,2813,牧雅
1265,2814,黄金晴5公斤
1266,2815,田七杀虫剂
1267,2816,醋元素美白焕肤霜
1268,2817,北京烤鸭
1269,2818,北京烤鸭
1270,2819,聚鹏隆玖然牛肉
1271,2820,北京宫廷鸡
1272,2821,135地主猫麻辣锅巴
1273,2822,洋参滋补液
1274,2823,西洋参含
1275,2824,西洋参胶囊
1276,2825,郁美净鲜奶营养霜
1277,2826,郁美净鲜奶抗皱霜
1278,2827,郁美净保湿乳液
1279,2828,郁美净鲜奶嫩肤蜜
1280,2829,郁美净出口鲜奶皂
1281,2830,255郁美净儿童霜
1282,2831,发达绿豆饼
1283,2832,乐乐婴儿学行带
1284,2833,水饺
1285,2834,喜之郎乳酸果冻
1286,2835,喜之郎果冻（荔枝）
1287,2836,花花牛纯牛奶
1288,2837,西子红叶伞
1289,2838,金太阳锅巴
1290,2839,金太阳大豆五香锅巴
1291,2840,绣花倒背围裙
1292,2841,50015第五季番石榴
1293,2842,S-560健力宝
1294,2843,苏烟金砂2
1295,2844,崂山听装啤酒355
1296,2845,青岛啤酒600
1297,2846,青岛啤酒（600整件）
1298,2847,崂山啤酒
1299,2848,田七高效杀虫剂
1300,2849,灭无味赠空气清新剂
1301,2850,发嘉利三合一者喱水
1302,2851,凯达柠檬空气清新剂
1303,2852,云南白金口健纯青普洱
1304,2853,45小白兔牙膏
1305,2854,280浪奇透明皂
1306,2855,100圣安净螨祛痘洗面奶
1307,2856,100圣安净螨嫩白洗面奶
1308,2857,达利园法式香奶面包
1309,2858,嘉士利700儿童世界
1310,2859,嘉士利力奇饼120
1311,2860,嘉士利通花饼130
1312,2861,嘉士利早餐饼
1313,2862,嘉士利果汁威化饼(115)
1314,2863,嘉士利朱古力威化饼(115)
1315,2864,嘉士利朱古力夹层饼干130
1316,2865,嘉士利通心曲奇饼160
1317,2866,嘉士利r[梳打
1318,2867,朱古力薄夹心饼
1319,2868,嘉士利甜薄脆饼
1320,2869,嘉士利可可夹心饼干
1321,2870,嘉士利哈密瓜薄饼143
1322,2871,嘉士利鸡蛋薄脆饼132
1323,2872,嘉士利香芒威化饼(115)
1324,2873,嘉士利士多啤梨威化饼(115)
1325,2874,嘉士利葱香奇味饼干200
1326,2875,9364嘉士利椰汁威化
1327,2876,9364嘉士利香芒威化
1328,2877,嘉士利果汁威化(巧力味)93
1329,2878,嘉士利蛋旦饼700
1330,2879,嘉士利钙奶饼干
1331,2880,嘉士利椰奶饼干
1332,2881,嘉士利牛奶酥饼273
1333,2882,嘉士利小桃酥饼210
1334,2883,嘉士利牛奶酥夹心饼(朱古力味)279
1335,2884,嘉士利牛奶酥夹心饼(牛奶味)279
1336,2885,嘉士利牛奶酥夹心饼(蓝莓味)279
1337,2886,嘉士利饼干
1338,2887,饼干
1339,2888,嘉士利早餐饼干
1340,2889,嘉士利奶甜薄脆
1341,2890,嘉士利葱油薄脆
1342,2891,嘉士利钙奶饼干
1343,2892,光明心爽奶
1344,2893,400光明优幼儿童配方奶粉
1345,2894,900桶光明优幼儿童配方奶粉
1346,2895,光明DuDu奶
1347,2896,光明纯牛奶
1348,2897,光明纯牛奶
1349,2898,光明纯牛奶
1350,2899,400光明脱脂奶粉
1351,2900,400光明中老年奶粉
1352,2901,400光明全脂甜奶粉
1353,2902,400光明全脂奶粉
1354,2903,燕姿秀女袜
1355,2904,维达盒
1356,2905,维达100软
1357,2906,维达100软
1358,2907,维达条装纸
1359,2908,20024日康AD钙奶
1360,2909,200日康AD钙奶
1361,2910,90大桥达标厨师乐鸡精
1362,2911,厨师乐增鲜味精225
1363,2912,多吉鸡精(80)
1364,2913,大桥酱卤汁
1365,2914,大桥牌胡椒50
1366,2915,80柔曼植物花香
1367,2916,220光明纯牛奶
1368,2917,美加净银耳珍珠蜜
1369,2918,六神安睡沐浴露
1370,2919,红双喜羽毛球拍
1371,2920,20柔洁爽卫生巾
1372,2921,阿香婆豆香锅巴
1373,2922,500贵州罐罐香
1374,2923,5006贵州罐罐香
1375,2924,500贵州宴
1376,2925,5006贵州宴
1377,2926,500贵州三年陈
1378,2927,5006贵州三年陈
1379,2928,金世豪情干一杯
1380,2929,干一杯
1381,2930,绵竹酒
1382,2931,沱牌禧酒
1383,2932,金沱福酒
1384,2933,480红盒新沱
1385,2934,500沱牌特酿
1386,2935,500m中华沱牌酒
1387,2936,5006中华沱牌酒
1388,2937,沱牌柔和五年
1389,2938,沱牌柔和三年
1390,2939,沱牌酒
1391,2940,沱牌陈曲
1392,2941,5006沱牌绵柔
1393,2942,代好洗发水
1394,2943,100福乐尔芦荟香皂
1395,2944,芭蕾貂油护手霜
1396,2945,利民涮羊肉调料150
1397,2946,S-450双沟简大曲
1398,2947,双沟双瓷酒
1399,2948,盒装双沟珍品大曲
1400,2949,双沟精品陈曲
1401,2950,S-450双沟柔和六年
1402,2951,S-450双沟柔和九年
1403,2952,红玫瑰100%全汁
1404,2953,10006张裕玫瑰红葡萄酒
1405,2954,7506张裕万客乐葡萄酒
1406,2955,7506张裕玫瑰香干红葡萄酒
1407,2956,威猛先生油烟净
1408,2957,必是甜橙营养饮品(250)
1409,2958,必是芒果鲜橙营养饮品(250)
1410,2959,佳选铁锌钙Vc菊花晶（中老年）350
1411,2960,佳选加钙菊花晶（奶粉伴侣）350
1412,2961,鬼脸嘟嘟375草莓夹心饼干
1413,2962,鬼脸巧力
1414,2963,卡夫蔬菜饼
1415,2964,220口杯全兴
1416,2965,500全兴万事兴酒
1417,2966,500简全兴陈酒
1418,2967,绿色杀虫气雾剂
1419,2968,黑蝙蝠杀虫剂
1420,2969,52度5006精制郎酒
1421,2970,精品郎酒
1422,2971,52度5003礼盒郎酒
1423,2972,52度500礼盒郎酒
1424,2973,缠丝皮蛋礼盒
1425,2974,魔法士方便面
1426,2975,乌江涪陵三榨
1427,2976,乌江儿童可口菜
1428,2977,乌江麻辣榨菜丝
1429,2978,乌江涪陵三榨
1430,2979,乌江涪陵三榨
1431,2980,乌江三榨
1432,2981,乌江菜上皇黄花什锦168
1433,2982,乌江菜上皇酸辣三丝168
1434,2983,乌江菜上皇爽口下饭菜168
1435,2984,乌江川派劲辣虎皮青椒200
1436,2985,乌江川派麻辣辣到底200
1437,2986,乌江菜上皇香脆菜丝168
1438,2987,乌江菜上皇香脆菜168
1439,2988,乌江碎米榨菜(80)
1440,2989,迪士尼红番茄
1441,2990,迪士尼红烧牛肉
1442,2991,迪士尼蔬菜饼干
1443,2992,麦可麦饼干
1444,2993,迪士尼巧力饼干
1445,2994,泸州老窖(52度500)三星
1446,2995,泸州老窖珍品
1447,2996,泸州头曲
1448,2997,S-500泸州老窖头曲
1449,2998,泸州酒
1450,2999,味好美花椒粉10
1451,3000,味好美皮蛋瘦肉粥(60)
1452,3001,味好美五香炸鸡配料(45)
1453,3002,味好美酸辣汤(35)
1454,3003,味好美鸡蓉香菇粥(35)
1455,3004,味好美海鲜粟玉米羹(35)
1456,3005,味好美港式酸辣汤(35)
1457,3006,味好美脆皮香酥炸鸡料(45)
1458,3007,味好美脆皮香辣炸鸡料(45)
1459,3008,味好美西湖牛肉羹(35)
1460,3009,味好美番茄沙司
1461,3010,味好美孜然粉10
1462,3011,味好美五香粉10
1463,3012,味好美伽喱粉10
1464,3013,味好美白胡椒粉10
1465,3014,味好美黑胡椒粉10
1466,3015,味好美椒盐20
1467,3016,100两面针清凉海泥香皂
1468,3017,两面针牙膏
1469,3018,马利牌水粉画颜料
1470,3019,中国画颜料
1471,3020,S-560白猫冷水洗衣粉
1472,3021,白猫护彩洗衣粉
1473,3022,威煌无磷高效洗衣粉
1474,3023,白猫洗衣液
1475,3024,白彩漂
1476,3025,白猫油污清洗剂
1477,3026,25000雪碧
1478,3027,100白猫除菌香皂
1479,3028,佳佳奶糖
1480,3029,恒顺香醋饺子醋500
1481,3030,恒顺国宴醋
1482,3031,恒顺香醋
1483,3032,恒顺宴会香醋
1484,3033,恒顺特供醋500
1485,3034,恒顺镇江香醋
1486,3035,恒顺牌恒顺黄豆酱油(680)
1487,3036,恒顺袋料酒350
1488,3037,恒顺香醋
1489,3038,力士香皂
1490,3039,古井优质大曲500
1491,3040,蓝月亮漂白粉
1492,3041,36012娃哈哈八宝粥
1493,3042,娃哈哈果奶草莓味1006
1494,3043,600娃哈哈塑瓶可乐
1495,3044,110娃哈哈瓜子
1496,3045,160娃哈哈瓜子
1497,3046,380娃哈哈瓜子
1498,3047,500娃哈哈绿茶
1499,3048,220娃哈哈百利包
1500,3049,22020娃哈哈百利包
1501,3050,105娃哈哈方便面
1502,3051,营养快线菠萝味整件
1503,3052,10524娃哈哈方便面
1504,3053,营养快线香草味整件
1505,3054,娃哈哈桂圆莲子营养八宝粥3606
1506,3055,小快线
1507,3056,娃哈哈原味
1508,3057,娃哈哈酸奶
1509,3058,娃哈哈杏仁青稞粥
1510,3059,夏士莲柔滑黑亮洗发水175
1511,3060,夏士莲控油去屑洗发水175
1512,3061,夏士莲清爽去屑洗发水175
1513,3062,力士精华素
1514,3063,夏士莲175洗发水各种香型
1515,3064,轻扬200洗发水各种香型
1516,3065,夏士莲套盒
1517,3066,蓝月亮芦荟
1518,3067,中华健齿白牙膏
1519,3068,力士  美肤沐浴露 闪亮冰爽
1520,3069,力士靓肤沐浴乳
1521,3070,旁氏亮采净白洁面乳
1522,3071,旁氏洁面乳（清痘）
1523,3072,旁氏亮采净白洁面乳
1524,3073,中华健齿白
1525,3074,中华健齿白
1526,3075,S-560奥妙洗衣粉
1527,3076,奥妙香皂118
1528,3077,金纺衣物护理剂（牛奶蝴蝶兰香型）
1529,3078,钱江牌可口脆瓜258
1530,3079,354梅林四鲜烤麸
1531,3080,冷酸灵儿童软毛牙刷
1532,3081,雪花午餐肉
1533,3082,嘉顿手指饼115
1534,3083,嘉顿动物饼100
1535,3084,嘉顿花占饼100
1536,3085,思郎麦香饼
1537,3086,思朗饼干
1538,3087,思郎礼盒系列
1539,3088,海天上等生
1540,3089,海天精选生
1541,3090,海天珍鲜老
1542,3091,海天金标生王
1543,3092,海天银标生王(500)
1544,3093,海天草菇老
1545,3094,海天柱候酱
1546,3095,海天黄豆酱
1547,3096,海天珍鲜精选生
1548,3097,海天珍鲜精选老500
1549,3098,99%400红梅无盐味精
1550,3099,心心相印纸
1551,3100,高露洁三重功效牙膏
1552,3101,威极老陈醋
1553,3102,亲亲无糖八宝粥360
1554,3103,亲亲绿豆薏仁汤360
1555,3104,七匹狼男袜
1556,3105,小护士营养洗面奶
1557,3106,金装婴儿奶粉
1558,3107,雅士利铁锌钙米粉
1559,3108,雅士利安贝慧奶粉3段
1560,3109,雅士利安贝慧奶粉2段
1561,3110,雅士利安贝慧奶粉1段
1562,3111,30910春都特鲜王
1563,3112,统一小浣熊羊肉串味
1564,3113,甘竹香茄汁沙鱼
1565,3114,184顺得味豆鼓鱼
1566,3115,乐百氏薄荷水
1567,3116,乐百氏脉动水蜜桃味350
1568,3117,六必治绿茶牙膏
1569,3118,58六必治全效牙膏
1570,3119,150六必治百年护理牙膏
1571,3120,120六必治全效牙膏
1572,3121,草珊瑚健齿盐牙膏90
1573,3122,草珊瑚3重护理牙膏115
1574,3123,草珊瑚蜂胶牙膏90
1575,3124,草珊瑚纯天然牙膏(115)
1576,3125,新繁牌早餐泡豇豆58
1577,3126,新繁牌早餐泡榨菜58
1578,3127,新繁牌早餐泡萝卜58
1579,3128,西湖味精
1580,3129,桂花蜜滋润霜
1581,3130,立丰麦丽素88
1582,3131,立丰麦丽素46
1583,3132,立丰麦丽素250
1584,3133,白云边2星
1585,3134,恒顺白米醋
1586,3135,恒顺酿造白醋500
1587,3136,五香卤猪尾(200)
1588,3137,双汇鱼肉肠(50)
1589,3138,双汇火腿肠(50)
1590,3139,早餐肠(250)
1591,3140,清真牛肉肠(50)
1592,3141,400双汇涮羊肉
1593,3142,双汇汉堡牛排150
1594,3143,三明治(500)
1595,3144,三明治(23000)
1596,3145,精制火腿(135)
1597,3146,双汇王中王(115)
1598,3147,精制火腿(280)
1599,3148,清真鸡肉肠(50)
1600,3149,双汇王中王(50)
1601,3150,黑胡椒牛肉(200)
1602,3151,双汇火腿肠(170)
1603,3152,双汇王中王(130)
1604,3153,双汇王中王(240)
1605,3154,双汇香肚(400)
1606,3155,双汇火腿肠50
1607,3156,广味腊肠(200)
1608,3157,川味腊肠(200)
1609,3158,超市清真鸡肉王(50)
1610,3159,双汇特级猪肉丸子180
1611,3160,袋装孜然羊肉串(320)
1612,3161,320双汇麻辣羊肉串
1613,3162,咖喱羊肉串(320)
1614,3163,超市清真牛肉肠(50)
1615,3164,超市清真鸡肉肠(50)
1616,3165,双汇羊肉串
1617,3166,袋装麻辣羊肉串
1618,3167,孜然羔羊肉串(450)
1619,3168,孜然羔羊肉串(240)
1620,3169,麻辣羔羊肉串(450)
1621,3170,袋装麻辣羊肉串(270)
1622,3171,袋装孜然羊肉串(540)
1623,3172,袋装咖喱羊肉串(540)
1624,3173,麻辣羔羊肉串(240)
1625,3174,水晶肴肉(225)
1626,3175,熏烤牛肉(200)
1627,3176,三明治(400)
1628,3177,哈尔滨红肠(225)
1629,3178,波兰熏香肠(300)
1630,3179,麻辣香肠(200)
1631,3180,松仁小肚(400)
1632,3181,双汇宫爆鸡丁
1633,3182,熏烤圆火腿(500)
1634,3183,特选三鲜水饺(450)
1635,3184,特选三鲜水饺(800)
1636,3185,猪肉芹菜水饺(450)
1637,3186,猪肉芹菜水饺(800)
1638,3187,猪肉韭菜水饺(450)
1639,3188,猪肉韭菜水饺(800)
1640,3189,猪肉白菜水饺(450)
1641,3190,猪肉白菜水饺(800)
1642,3191,香卤猪肚(200)
1643,3192,波兰熏香肠(250)
1644,3193,双汇火腿肠(45)
1645,3194,双汇火腿肠(115)
1646,3195,精制火腿(100)
1647,3196,精制火腿(170)
1648,3197,双汇火腿肠(230)
1649,3198,35双汇水煮肉调料
1650,3199,双汇馄炖料
1651,3200,怪味鸡块(50)
1652,3201,烧烤料
1653,3202,双汇豆瓣鱼调料
1654,3203,精选羊肉水饺(800)
1655,3204,猪肉香菇水饺(800)
1656,3205,波兰烤肠(300)
1657,3206,双汇生姜粉
1658,3207,双汇白胡椒粉
1659,3208,双汇孜然粉
1660,3209,麻辣肘花(250)
1661,3210,五香肘花(250)
1662,3211,烟熏火腿条(220)
1663,3212,梅花烤肉(250)
1664,3213,猪皮冻300
1665,3214,双汇火腿肠(70)
1666,3215,双汇火腿肠(80)
1667,3216,双汇火腿肠(95)
1668,3217,双汇火腿肠(190)
1669,3218,双汇火腿肠(210)
1670,3219,双汇王中王(105)
1671,3220,盐水方腿(250)
1672,3221,肉糜火腿(肉糜方腿)(350)
1673,3222,三明治(200)
1674,3223,丁香风味烤肠(65)
1675,3224,猪肉香菇水饺(450)
1676,3225,精选羊肉水饺(450)
1677,3226,双汇香肚(300)
1678,3227,汉堡牛排(200)
1679,3228,食用猪油(1000)
1680,3229,草原羊肉卷优级(25000)
1681,3230,火腿棒(150)
1682,3231,猪肉大葱水饺(800)
1683,3232,虾仁猪肉水饺(800)
1684,3233,超市香嫩鸡肉肠(30)
1685,3234,层肘花(400)
1686,3235,汉堡猪排(200)
1687,3236,汉堡鸡排(200)
1688,3237,汉堡鱼排(150)
1689,3238,猪肉大葱水饺(450)
1690,3239,虾仁猪肉水饺(450)
1691,3240,双汇黑糯米黑芝麻汤圆(450)
1692,3241,午餐火腿(200)
1693,3242,双汇酸辣汤调料
1694,3243,双汇鱼肉肠(45)
1695,3244,牛肉叉烧(200)
1696,3245,猪肉叉烧(200)
1697,3246,里脊叉烧(200)
1698,3247,西瓜火腿(280)
1699,3248,脆皮芝士肠(160)
1700,3249,新一派礼品
1701,3250,香辣豆干(80)
1702,3251,五香茶干(80)
1703,3252,花生豆干(80)
1704,3253,超市非清真鸡肉肠(40)
1705,3254,台湾香肠(300)
1706,3255,台湾香肠(145)
1707,3256,台湾香肠(250)
1708,3257,脆皮肠(175)
1709,3258,双汇鱼肉肠(90)
1710,3259,金双汇50
1711,3260,超市金双汇(50)(北)
1712,3261,清真鸡肉王(110)
1713,3262,清真牛肉王(110)
1714,3263,台湾香肠(480)
1715,3264,双汇鸡精
1716,3265,40双汇麻辣鲜
1717,3266,红烧肉(320)
1718,3267,美味香肠(咸香400)
1719,3268,超市非清真鸡肉肠(35)
1720,3269,台湾烤香肠(4015)
1721,3270,双汇鸡精(90)
1722,3271,160双汇麻辣鲜
1723,3272,双汇福
1724,3273,双汇麻辣鲜(50)
1725,3274,双汇烤肉(250)
1726,3275,富乐香腿(250)
1727,3276,(富乐)润口三文治(250)
1728,3277,富乐午餐(500)
1729,3278,富乐午餐(400)
1730,3279,双汇王中王40510
1731,3280,超市香辣鸡肉肠(30)
1732,3281,超市非清真牛肉肠(40)
1733,3282,富乐香肠(400)
1734,3283,五香炸鸡料(45)
1735,3284,蒜香炸鸡料(45)
1736,3285,五花肉(300)
1737,3286,五花肉丁(400)
1738,3287,熏腊香肠(300)
1739,3288,广味精制肉枣(225)
1740,3289,情缘香肚(225)
1741,3290,酸辣肚丝汤(200)
1742,3291,香辣火腿(280)
1743,3292,香烤火腿(280)
1744,3293,蒜香火腿(280)
1745,3294,土家风味腊肉(200)
1746,3295,青岛风味火腿(380)
1747,3296,巴西风味烤肉(300)
1748,3297,台湾风味烤香肠(香辣)(4050)
1749,3298,台湾风味烤香肠(香嫩)(4050)
1750,3299,开心鱼肉肠(45)
1751,3300,超市加钙双汇王中王(40)
1752,3301,上海风味火腿(360)
1753,3302,休闲即食香肠(25)
1754,3303,双汇松花蛋(4枚)
1755,3304,台湾风味烤香肠
1756,3305,270双汇特鲜王
1757,3306,休闲即食香肠(广东风味)(25)
1758,3307,休闲即食香肠(香辣风味)(25)
1759,3308,花生热狗肠(200)
1760,3309,双汇花生热狗肠
1761,3310,蘑菇热狗肠(200)
1762,3311,金双汇(北方风味)(78)
1763,3312,金双汇
1764,3313,青岛风味小火腿(100)
1765,3314,双汇鸡精调味料
1766,3315,纯正食用猪油(1000)
1767,3316,无铅松花蛋(6枚)
1768,3317,台湾风味烤香肠(孜然型)(4010)
1769,3318,台湾风味烤香肠(香辣型)(4010)
1770,3319,牛肉丸(烧烤型)(2000)
1771,3320,润口香甜王(绿色)(100)
1772,3321,脆皮红肠(3支装)(180)
1773,3322,(中温)烤肠王(190)
1774,3323,(中温)烤肠王(90)
1775,3324,脆皮红肠(180)
1776,3325,美味火腿(200)
1777,3326,蘑菇风味香肠(50)
1778,3327,超市花生风味香肠(505)
1779,3328,超市蘑菇风味香肠(505)
1780,3329,甜玉米香肠(80)
1781,3330,润口香辣王(70)
1782,3331,润口香甜王(70)
1783,3332,玉米风味烤香肠(2000)(4050)
1784,3333,葡萄风味烤香肠(2000)(4050)
1785,3334,108双汇调味酱
1786,3335,中温香卤蛋(45)
1787,3336,双汇水煮肉料
1788,3337,蒜蓉烤肠(590)
1789,3338,双汇烤肉(香辣)(230)
1790,3339,双汇润口腊肉(350)
1791,3340,香脆肠(50单支)
1792,3341,泡椒凤爪(80)
1793,3342,双汇香卤王(特级牛肉肠)(50)
1794,3343,双汇香卤王(特级牛肉肠)(100)
1795,3344,蒜味烤肠(230)
1796,3345,双汇牛排(4510)
1797,3346,双汇鸡排(4510)
1798,3347,双汇鱼排(450)
1799,3348,润口香甜王601010
1800,3349,脆皮热狗肠(鸡肉味)300
1801,3350,金品烤肠(原味)280
1802,3351,蜜汁风味火腿200
1803,3352,巴黎风味香肠（猪肉风味）135
1804,3353,巴黎风味香肠（鸡肉风味）135
1805,3354,脆皮热狗肠(原味)300
1806,3355,玉米热狗肠
1807,3356,香辣香脆畅
1808,3357,Q派(香辣风味香肠)35
1809,3358,双汇鸡肉肠25
1810,3359,双汇脆香王(杏仁香肠)50
1811,3360,双汇牛排360
1812,3361,双汇鸡排360
1813,3362,香甜派对65
1814,3363,香辣派对65
1815,3364,双汇王中王(孜然风味)401010
1816,3365,玉米热狗肠451020
1817,3366,香辣香脆肠451020
1818,3367,香辣香脆肠(网兜)451020
1819,3368,玉米热狗肠(网兜)451020
1820,3369,225双汇王中王
1821,3370,激情Party(蜜汁风味)65
1822,3371,激情Party(香辣风味)65
1823,3372,Q趣儿(香辣风味香肠)300
1824,3373,Q趣儿(蘑菇风味香肠)300
1825,3374,卤福斋香卤凤爪105
1826,3375,卤福斋香卤鸡腿75
1827,3376,美味方腿300
1828,3377,金阳光烤肉
1829,3378,富乐煎烤旺(蒸煮淀粉肉肠)(带2袋香辣酱)60
1830,3379,香猪油(1000盒)
1831,3380,双汇福美火腿肠70
1832,3381,水晶肉冻200
1833,3382,卤蛋风味香肠180
1834,3383,烤火腿260
1835,3384,水晶皮冻200
1836,3385,水晶皮冻300
1837,3386,双汇包装皮冻200
1838,3387,双汇清真牛肉王
1839,3388,双汇好滋味
1840,3389,清真泡面拍档
1841,3390,香甜王
1842,3391,松花蛋肠(260)
1843,3392,双汇火腿肠185（整件）
1844,3393,27010双汇特鲜王
1845,3394,美味鲜椒味王（40）
1846,3395,美味鲜嫩肉粉（25）
1847,3396,500美佳草菇老
1848,3397,500美家酱油老王
1849,3398,800美佳老王
1850,3399,500美家老鼓油皇
1851,3400,15盼盼虾条
1852,3401,喜之郎AD钙营养果冻(158)
1853,3402,喜之郎菠萝果冻爽
1854,3403,P-500贵州茅台
1855,3404,金龙鱼大豆油
1856,3405,金龙鱼大豆油
1857,3406,金龙鱼调和油18000
1858,3407,金龙鱼AE营养菜籽油5000
1859,3408,家旅百家斋嘛婆豆腐180
1860,3409,家旅百味斋重庆火锅王200
1861,3410,玉兰油润唇膏42
1862,3411,海飞丝洗发露
1863,3412,珍珠亮彩唇膏
1864,3413,飘柔兰花洗发露
1865,3414,护舒宝瞬洁丝薄超长夜用
1866,3415,护舒宝瞬洁贴身量多夜用日用
1867,3416,护舒宝瞬洁贴身超长夜用
1868,3417,舒服佳芦荟沐浴露
1869,3418,飘柔珍珠亮白沐浴露
1870,3419,伊卡路清爽洗发水
1871,3420,伊卡璐深层修复
1872,3421,320碧浪全方位洁净洗衣粉
1873,3422,S-2200汰渍三重功效洗衣粉
1874,3423,飘柔葡萄保湿沐浴露
1875,3424,400海飞丝套装带素洗发水
1876,3425,沙宣水晶洁净洗发水
1877,3426,潘婷精华素
1878,3427,潘婷倍直滋养水
1879,3428,潘婷日光滋养水
1880,3429,护舒宝轻柔纯棉感轻薄护垫淡香
1881,3430,海飞丝-丝质柔滑型洗发露
1882,3431,海飞丝怡神冰凉型去屑洗发露
1883,3432,海飞丝  新生 海洋活力型
1884,3433,海飞丝乌黑坚韧型去屑润发精华露
1885,3434,海飞丝  新生 莹采乌黑型
1886,3435,海飞丝丝质柔顺型去屑润发精华露
1887,3436,飘柔活力精华
1888,3437,飘柔滋润去屑精华
1889,3438,碧浪亮洁柔顺无磷洗衣粉
1890,3439,海飞丝丝质套盒
1891,3440,玉兰油护手霜
1892,3441,玉兰油滋养润体乳
1893,3442,佳洁士茶爽套装牙膏
1894,3443,伊卡路清新奇异果
1895,3444,玉兰凝萃清爽
1896,3445,玉兰油凝萃柔嫩润白
1897,3446,佳洁士动感柔丝牙刷
1898,3447,玉兰油海洋清爽沐浴露
1899,3448,玉兰油健康嫩白沐浴露
1900,3449,玉兰油凝萃沐浴露
1901,3450,佳洁士多效护理牙膏
1902,3451,潘婷乳液修复套盒
1903,3452,佳洁士防蛀牙膏
1904,3453,360度无磷
1905,3454,护舒宝清新瞬丝薄日用
1906,3455,护舒宝清新瞬丝薄日用
1907,3456,护舒宝清新瞬洁贴身量夜用日用
1908,3457,佳洁士盐白组合
1909,3458,佳洁士茶爽茉莉
1910,3459,舒肤佳沐浴露
1911,3460,S-155000汰渍360度全能洗衣粉
1912,3461,护舒宝超值干爽贴身日用卫生巾
1913,3462,护舒宝超值棉柔贴身日用卫生巾
1914,3463,潘婷精华素
1915,3464,舒肤佳橄榄香皂
1916,3465,舒肤佳维E香皂
1917,3466,潘婷乳液修复去屑洗发露
1918,3467,玉兰油薄荷草本
1919,3468,护舒宝隐型祛味超薄卫生护垫
1920,3469,护舒宝隐型透气超薄护垫淡香
1921,3470,护舒宝隐型净洁超薄护垫淡香
1922,3471,卡玖尔沐浴露系列
1923,3472,碧浪洗衣粉
1924,3473,舒肤佳纯白沐浴露
1925,3474,佳洁士草本水晶牙膏
1926,3475,碧浪洗衣粉
1927,3476,汰渍全效炫白洗衣粉
1928,3477,汰渍全效炫白洗衣粉
1929,3478,汰渍洗衣皂
1930,3479,佳洁士盐白牙膏
1931,3480,飘柔兰花套装
1932,3481,海飞丝礼盒
1933,3482,玉兰油水润滋养套盒
1934,3483,伊卡璐套盒
1935,3484,潘婷乳液修复
1936,3485,杜康五斗粮
1937,3486,杜康酒
1938,3487,杜康
1939,3488,杜康酒
1940,3489,杜康盛世经典
1941,3490,杜康年份酒
1942,3491,18打蛋器(61123)
1943,3492,205单柄易洁锅连密
1944,3493,305单柄易洁锅连密
1945,3494,碱面
1946,3495,40安儿乐棉质护垫
1947,3496,安尔乐日用卫生巾
1948,3497,康师傅骨汤好滋味原汁猪骨面100
1949,3498,康师傅水煮牛肉面108（袋装）
1950,3499,康师傅(五连包)
1951,3500,康师傅劲爽拉面香辣牛肉(五连包)505-530
1952,3501,康师傅麻辣牛肉面（桶）
1953,3502,康师傅牛骨面98
1954,3503,康师付香辣牛肉面
1955,3504,11312福满多桶面
1956,3505,福满多香葱鸡汁香脆面
1957,3506,康师傅牛腩面
1958,3507,康师傅葱烧排骨（箱）
1959,3508,康师傅葱烧排骨面
1960,3509,清逸多效护理
1961,3510,750人参滋养洗发水
1962,3511,佳雪芦荟美白洗面奶
1963,3512,佳雪防水抗汗配方-SPF30
1964,3513,玉丽粉底液
1965,3514,100名兰人参清爽牙膏
1966,3515,300汰渍洗衣粉
1967,3516,龙大绿豆宽粉160
1968,3517,龙大精制红薯
1969,3518,海会寺白菜豆腐乳
1970,3519,蜀香广味香肠调料200
1971,3520,蜀香酸辣面调料240
1972,3521,奇峰冰爽柠檬糖
1973,3522,玉兰油沐浴乳
1974,3523,老白汾磨砂十年陈酿
1975,3524,汾酒
1976,3525,十五年老汾酒陈酿（半斤装）
1977,3526,P-新十五年老白汾酒
1978,3527,康辉酸晶梅100
1979,3528,康辉酸杏脯100
1980,3529,康辉雪梅
1981,3530,康辉杨梅
1982,3531,120田七珍珠亮白牙膏
1983,3532,48度青稞酒
1984,3533,海山牌中老年蜜600
1985,3534,海山牌海山蜜1000
1986,3535,水晶白去死皮素
1987,3536,380美宁红烧猪肉
1988,3537,美嘉思芝麻超薄饼168
1989,3538,美嘉思沙琪玛120
1990,3539,川崎麻辣火锅调料100
1991,3540,恒华欧麦曲奇(椰子味)
1992,3541,四洲夹心饼干（士多啤梨）40
1993,3542,四洲夹心饼干（朱古力）40
1994,3543,四洲夹心饼干（牛奶）40
1995,3544,四洲紫菜麦饼40
1996,3545,秦俑中老年奶粉
1997,3546,银桥草莓味酸奶百利包221
1998,3547,500道口烧鸡
1999,3548,红玫瑰洗洁精
2000,3549,200哥俩好沙琪玛
2001,3550,25824节节高桔爽
2002,3551,258瓶节节高蜜桔
2003,3552,25812瓶节节高蜜桔
2004,3553,75大阳桂花酥
2005,3554,北京鸡汁面65
2006,3555,南街村红烧牛肉碗面92
2007,3556,南街村清真葱爆面85
2008,3557,南街村麻辣牛肉面120
2009,3558,11024南街村大骨面
2010,3559,110南街村大骨面
2011,3560,南街村麻辣锅巴50
2012,3561,南街村拌面
2013,3562,南街村珍味蟹皇面
2014,3563,南德调味料80
2015,3564,500南街村酱油
2016,3565,南德
2017,3566,科迪水饺
2018,3567,科迪水饺
2019,3568,科迪利乐枕纯鲜奶500
2020,3569,科迪纯鲜牛奶243
2021,3570,维维五谷豆浆粉
2022,3571,维维豆奶粉
2023,3572,维维多V女士奶粉
2024,3573,维维中老年礼盒
2025,3574,维维中老年豆奶粉
2026,3575,美丽健学童奶粉
2027,3576,美丽健听装3段
2028,3577,贝因美
2029,3578,贝因美磨牙饼
2030,3579,达能原味咸饼干
2031,3580,达能闲趣香葱咸饼干(蔬菜味)100
2032,3581,达能夹心饼干
2033,3582,达能牛奶饼干
2034,3583,金萱保湿霜
2035,3584,求派洗发水
2036,3585,宽牌凉拌醋(340)
2037,3586,宽牌味鲜生王800
2038,3587,宽牌味鲜老王800
2039,3588,宽牌黄豆酱油王800
2040,3589,柔柔丝薄干爽网面10日用型卫生巾
2041,3590,五香狗肉
2042,3591,400海伦全脂速溶奶粉
2043,3592,400黄金搭档学生奶粉
2044,3593,400黄金搭档中老年无糖奶粉
2045,3594,小王子麦烧麻香味
2046,3595,486洁厕灵
2047,3596,小王子鳗钙
2048,3597,96小王子雪饼
2049,3598,三五火锅佐料(200)
2050,3599,三五火锅佐料(400)
2051,3600,小王子鲜贝酥
2052,3601,110青援高蛋白杏元
2053,3602,400青援小馒头
2054,3603,130青援小馒头
2055,3604,260青援威化饼
2056,3605,70青援威化饼
2057,3606,17018青援火腿肠
2058,3607,16020青援火腿
2059,3608,220青援牛肉末酱
2060,3609,120青援儿童钙奶饼干
2061,3610,120青援加钙奶饼干
2062,3611,300青援馒头
2063,3612,100青援苏打饼干
2064,3613,100青援薄脆饼
2065,3614,400青援荷兰小鸡蛋饼干
2066,3615,500青援豆奶粉
2067,3616,220青援干煸鸡肉丝
2068,3617,120青援谷舞饼干
2069,3618,210清援香辣王
2070,3619,230清援牛肉丁辣酱
2071,3620,今明后鲜橙果酱260
2072,3621,唯新儿童肉酥115
2073,3622,唯新无糖营养肉酥
2074,3623,唯新无糖深海金枪鱼酥
2075,3624,酸奶豆
2076,3625,巧力
2077,3626,美沙莲牛奶巧力
2078,3627,多彩水果糖
2079,3628,S-25015精品牛栏山二锅头
2080,3629,S-5006十八年精品牛栏山二锅头
2081,3630,56度10040牛栏山二锅头
2082,3631,田七肥皂
2083,3632,6一品赊店酒
2084,3633,一品赊店酒
2085,3634,金赊店Y品盒酒
2086,3635,240一见钟情花生奶
2087,3636,24020一见钟情花生奶
2088,3637,290一见钟情牛奶核桃
2089,3638,一见钟情饮品
2090,3639,S-200杯一见钟情
2091,3640,一见钟情酸奶
2092,3641,24020一见钟情杏仁露
2093,3642,S-一见钟情红包奶
2094,3643,30王守义包子饺子
2095,3644,王守义花椒粉25
2096,3645,王守义白胡椒粉25
2097,3646,王守义纯孜然粉25
2098,3647,王守义精致姜粉25
2099,3648,王守义黑胡椒粉25
2100,3649,王守义精选花椒55
2101,3650,王守义八角55
2102,3651,王守义小茴香55
2103,3652,王守义精选辣椒55
2104,3653,王守义孜然55
2105,3654,王守义麻辣鲜（川味）45
2106,3655,王守义麻辣鲜（加麻）45
2107,3656,王守义饺子馅（素馅料）40
2108,3657,王守义黑胡椒粉
2109,3658,冠生园压缩饼干
2110,3659,84无磷除菌透明皂
2111,3660,麦丽素
2112,3661,美愿健胃清和宝12-36月
2113,3662,美愿健胃清和宝1-12月
2114,3663,美愿健胃宝1-36个月
2115,3664,美愿奶粉伴侣18个月以上
2116,3665,美愿奶粉伴侣6-18个月
2117,3666,美愿奶粉伴侣0-6个月
2118,3667,300苏轼酸菜鱼
2119,3668,38度500杜康黄色宴酒
2120,3669,杜康五年
2121,3670,杜康福满天下
2122,3671,杜康三星
2123,3672,飞鸽幼儿奶粉
2124,3673,旺旺黑旋法式薄饼141
2125,3674,旺旺挑豆豌豆随身包55
2126,3675,七喜柠檬味饮料600
2127,3676,七喜柠檬味饮料25000
2128,3677,海000宽叶海带（150）
2129,3678,海浪野生紫菜50
2130,3679,比士利署
2131,3680,皇子米线
2132,3681,四五老酒故乡滋味
2133,3682,4600四五酒阳光派对
2134,3683,简装枣
2135,3684,好想你无核红枣
2136,3685,好想你鸡心枣
2137,3686,新郑红枣
2138,3687,好想你无核红枣
2139,3688,好想你红枣
2140,3689,好想你1级金丝枣
2141,3690,好想你金丝枣
2142,3691,新郑香酥红枣果干
2143,3692,红烩牛肉罐头(312)
2144,3693,红烩猪肉罐头(312)
2145,3694,咸牛肉罐头(340)
2146,3695,猪肉蛋卷罐头(397)
2147,3696,新咸牛肉罐头(340)
2148,3697,好迪洗发水
2149,3698,好迪精华素ㄠ水
2150,3699,好迪深层修复洗发露
2151,3700,晨露固体清香剂（桂花）
2152,3701,晨露固体清香剂（绿茶）
2153,3702,晨露固体清香剂（茉莉花）
2154,3703,晨露液体清新剂（桂花）
2155,3704,晨露柠檬味空气清新剂
2156,3705,枪手蚊香
2157,3706,帮洁厕净柠檬香
2158,3707,帮洁洁厕精
2159,3708,帮洁厕净（柠檬香）
2160,3709,晨露空气清新剂(国际香型)
2161,3710,广乐酸菜鱼底料
2162,3711,青菜笋丝
2163,3712,小康之家道口烧鸡
2164,3713,王至和料酒
2165,3714,王致和白腐乳
2166,3715,138利源海鲜菜
2167,3716,S-350安阳洗衣膏
2168,3717,200肥羊粉丝
2169,3718,袜子
2170,3719,60012奇强洗衣粉
2171,3720,12000奇强双倍洁洗衣粉
2172,3721,奇强高效洗衣粉
2173,3722,奇强高效洗衣粉
2174,3723,100010奇强高效洗衣粉
2175,3724,S-800奇强高效加酶洗衣粉
2176,3725,奇强加香加酶洗衣粉
2177,3726,包600奇强洁力王洗衣粉
2178,3727,包320奇强洁力王洗衣粉
2179,3728,2000奇强洗洁精
2180,3729,奇强高级透明皂
2181,3730,奇强增白皂
2182,3731,350奇强亮白洗衣粉
2183,3732,开米餐具净（经济装）500
2184,3733,开米贝芬洗手液（经济装）
2185,3734,开米涤王
2186,3735,开米涤王洗衣液
2187,3736,开米贝芬洗手液500
2188,3737,开米水垢(400)
2189,3738,伊利全脂无糖奶粉400
2190,3739,伊利特品金冠原味酸牛奶950
2191,3740,伊利QQ星儿童优酪乳酸牛奶120
2192,3741,伊利酸牛奶(草莓果粒)1106
2193,3742,伊利纯鲜牛奶250
2194,3743,伊利优酸乳248（橙味）
2195,3744,伊利纯牛奶（纸袋）
2196,3745,伊利低脂芦荟果粒杯酸125
2197,3746,伊利ACE黑加仑杯酸125
2198,3747,爽心杯酸草莓125
2199,3748,伊利小小优酸乳
2200,3749,伊利早餐奶麦香味243
2201,3750,伊利QQ星儿童奶草莓味190
2202,3751,伊利QQ星乳饮料(草莓味)65
2203,3752,伊利优酸乳菠萝味500
2204,3753,伊利谷粒多谷物奶(欧风麦香味)250
2205,3754,伊利谷粒多谷物奶(泰茉米香味)250
2206,3755,伊利CBP
2207,3756,伊利多维效豆奶粉
2208,3757,伊利中老年奶粉360
2209,3758,伊利高钙高铁奶粉360
2210,3759,伊利袋装1段
2211,3760,伊利高钙高铁
2212,3761,伊利雪
2213,3762,香雪儿雪糕
2214,3763,巧乐滋
2215,3764,玉米香
2216,3765,S-25元冰糕
2217,3766,伊利冰豆
2218,3767,精品巧乐滋
2219,3768,精品巧乐滋
2220,3769,冰工厂（冰悦莓）
2221,3770,光明800蛋黄派（袋）
2222,3771,光明800巧力派（袋）
2223,3772,茹梦100%苹果
2224,3773,茹梦100%猕猴桃
2225,3774,长城中老年高钙麦
2226,3775,长城中老年黑芝麻糊
2227,3776,长城牛奶加钙豆奶粉
2228,3777,上海长城3合1核桃粉
2229,3778,六康长城中老年核粉1000
2230,3779,上海长城高钙豆奶麦
2231,3780,上海长城中老年麦
2232,3781,长城核桃莲子80010
2233,3782,720黑芝麻糊
2234,3783,800核桃粉
2235,3784,核桃粉
2236,3785,900燕麦礼盒
2237,3786,900壮骨粉礼盒
2238,3787,索肤特负离子营养洗发露
2239,3788,真知棒
2240,3789,天峰高级染发剂
2241,3790,章华锔油膏
2242,3791,八个核桃
2243,3792,三鹿中老年年高钙奶粉400
2244,3793,三鹿婴儿配方奶粉1段400
2245,3794,三鹿儿童高钙奶粉2段400
2246,3795,多美滋贝乐嘉金装听1段
2247,3796,多美滋盒装4段
2248,3797,430糖水杨梅
2249,3798,430五洲星黄桃罐头
2250,3799,680五洲星葡萄罐头
2251,3800,430五洲星橘子罐头
2252,3801,430五洲星糖水枇杷
2253,3802,430五洲星什锦水果罐头
2254,3803,450三全顺喜水饺
2255,3804,三全老北京馄炖
2256,3805,超人剃须刀
2257,3806,2矛盾洗衣粉
2258,3807,500矛盾洗洁精
2259,3808,300矛盾洗衣粉
2260,3809,甜心饼干
2261,3810,甜心草莓饼干
2262,3811,25212劲牌桔爽
2263,3812,永信绿香蒜香酱油花生
2264,3813,永信绿野香、原味白玉
2265,3814,上好佳鲜虾条
2266,3815,上好佳薯
2267,3816,上好佳薯条(18)
2268,3817,70上好佳署
2269,3818,500六必居家庭料酒
2270,3819,魔法王干脆面
2271,3820,魔法王干脆面
2272,3821,魔法王干脆面
2273,3822,魔法王干脆面
2274,3823,魔法王巴西烤肉
2275,3824,麻辣魔法王干脆面
2276,3825,鸡翅魔法王干脆面
2277,3826,魔法王辣子鸡
2278,3827,烤肉魔法王干脆面
2279,3828,天豫红薯粉条
2280,3829,多力葵花籽调和油18000
2281,3830,旺旺仙贝
2282,3831,555旺旺仙贝
2283,3832,葱香鸡肉小小酥
2284,3833,70小小酥（各种味）
2285,3834,旺旺大米饼
2286,3835,雕牌瑞士配方洗衣粉2000
2287,3836,超能雕牌洗衣粉2000
2288,3837,雕牌洗衣皂促销装
2289,3838,125雕牌牙膏
2290,3839,雕牌透明皂3粉242
2291,3840,雕牌透明皂3皂242
2292,3841,雕牌透明皂3粉280
2293,3842,雕牌超能皂242
2294,3843,雕牌超效洗衣粉1638000
2295,3844,S-2000雕超效洗洁精
2296,3845,纳爱斯齿健冰清95牙膏
2297,3846,雕牌超能洗衣粉1800
2298,3847,雕牌超效洗衣粉350
2299,3848,雕牌超效加酶洗衣粉
2300,3849,雕牌超效洗衣粉650
2301,3850,超能皂粉
2302,3851,30雕粉
2303,3852,雕牌透明皂
2304,3853,雕牌超白加香洗衣粉
2305,3854,雕牌超白加香
2306,3855,冰爽芦荟
2307,3856,雕牌超能洗衣粉
2308,3857,三笑D993牙刷
2309,3858,高露洁三笑牙刷QB1659-97
2310,3859,三笑2016吸盘牙刷
2311,3860,三笑1216牙刷
2312,3861,2320舒适超净牙刷三笑
2313,3862,三笑牙刷
2314,3863,120三笑水果牙膏
2315,3864,105三笑天然草本套装牙膏
2316,3865,草本特惠装牙膏
2317,3866,丘比香甜味沙拉酱（200）
2318,3867,丘比草莓酱(170)
2319,3868,大家乐牛肉(21)粒11
2320,3869,大家乐牛肉粒45
2321,3870,大家乐奇香干45
2322,3871,大家乐牛肉粒(儿童)11
2323,3872,大家乐牛肉柳50
2324,3873,美涛柔丝修护定型
2325,3874,舒蕾多效润彩润发露
2326,3875,天凤桂味杨梅
2327,3876,果汁糖
2328,3877,400江南村金华香肠
2329,3878,35020维士仙
2330,3879,碧优婷美白阳光乳
2331,3880,盈福祥浴巾
2332,3881,大红九九火锅底料(400)
2333,3882,大宝达洋葱圈
2334,3883,香满园调和油
2335,3884,未来米粉
2336,3885,三木手摇机
2337,3886,三木削铅笔机
2338,3887,三木6270原子印台
2339,3888,阿尔卑斯草莓糖
2340,3889,比巴卜三条装75
2341,3890,比巴卜混合卷25
2342,3891,酸溜水果曼妥恩
2343,3892,珍宝珠混合味硬糖棒棒糖42
2344,3893,珍宝珠混合味硬糖棒棒糖105
2345,3894,阿尔卑斯香糯软糖
2346,3895,阿尔卑斯牛奶软糖
2347,3896,阿尔卑斯夹心糖
2348,3897,全无敌热电蚊香
2349,3898,日式奶酥花生100
2350,3899,金娃果冻158
2351,3900,金娃维C果冻爽130
2352,3901,金娃小手雷可吸果冻130
2353,3902,金娃水果冻150
2354,3903,金娃玩具书包（1540）
2355,3904,金娃酒杯果肉果冻125
2356,3905,金娃维C果冻爽(150)
2357,3906,10芬兰欣卫生巾
2358,3907,东古酱油
2359,3908,雨润香辣热狗肠
2360,3909,18容容巧力派
2361,3910,惠通红油春笋180
2362,3911,惠通黄花什锦180
2363,3912,惠通油辣子
2364,3913,惠通下饭菜180
2365,3914,惠通开胃爽口菜180
2366,3915,惠通酸菜鱼佐料(300)
2367,3916,高度纯200莲花味精
2368,3917,高度纯400莲花味精
2369,3918,227桶莲花鸡精
2370,3919,好吃点金牌旦卷
2371,3920,好吃点金牌卷心酥酸奶
2372,3921,500可比雪饼
2373,3922,达利园草莓派
2374,3923,达利园奶油蛋糕
2375,3924,达利园蛋黄蛋糕
2376,3925,130达利低糖芝麻酥
2377,3926,达利威化
2378,3927,达利果味酸奶夹心饼 138
2379,3928,1000可比雪饼
2380,3929,1000可比米饼
2381,3930,可比番茄味
2382,3931,达利园沙琪玛
2383,3932,好吃点豆香工坊
2384,3933,法式小面包
2385,3934,可比谷点主义
2386,3935,70可比可有时候
2387,3936,达利园瑞士卷
2388,3937,达利园瑞士卷
2389,3938,达利圆面包
2390,3939,好吃点苏打饼
2391,3940,好吃点豆香味饼干800
2392,3941,玛丽紫水晶纪念册25K
2393,3942,舒爽新一代5日用超薄柔棉卫生巾
2394,3943,10好舒爽夜网独立卫生巾
2395,3944,20舒爽夜安卫生巾
2396,3945,旺仔小馒头
2397,3946,卡通叉勺
2398,3947,河套老窖银樽48度
2399,3948,河套老窖三年陈酿
2400,3949,去死皮美肌素（柠檬美白）
2401,3950,干叶喜之郎75蛇油滋洋霜
2402,3951,广州之春喜之郎75珍珠营养霜
2403,3952,唯康米果三支装
2404,3953,一泉镇江香醋
2405,3954,一泉镇江陈醋
2406,3955,一泉镇江陈醋(壶装)
2407,3956,雪碧225000
2408,3957,朝天辣椒面
2409,3958,神丹12枚鹌鹑皮蛋
2410,3959,神丹无铅松花鸭皮蛋(8枚）E8
2411,3960,神丹无铅松花鸭皮蛋(6枚)E6
2412,3961,神丹金黄红咸鸭蛋(6枚)
2413,3962,神丹熟油黄咸鸭蛋20枚礼盒1000
2414,3963,神丹鸟王无铅松花鸭皮蛋（9枚）SET9
2415,3964,神丹鸟王松花鸭皮蛋20枚礼盒900
2416,3965,1枚鸟王咸鸭蛋
2417,3966,神丹鸟王蟹黄咸鸭蛋20枚礼盒1000
2418,3967,神丹茶鸡蛋(3枚)3
2419,3968,神丹3枚鹌鹑蛋(麻辣味)21
2420,3969,神丹8枚鹌鹑蛋(麻辣味)56
2421,3970,神丹鹌鹑皮蛋76枚532
2422,3971,椰露宝杏仁露240
2423,3972,家乐海鲜汤(32)
2424,3973,家乐酸辣汤(42)
2425,3974,涪陵榨菜
2426,3975,老庞家蛋料
2427,3976,大门堂九制话梅
2428,3977,大门堂雪花梅
2429,3978,大门堂珍珠杏脯
2430,3979,大门堂必粒梅
2431,3980,大门堂话梅肉
2432,3981,大门堂蜂皇蜜梨
2433,3982,大门堂水晶梅
2434,3983,通化爽口山葡萄酒
2435,3984,通化牌红葡萄酒
2436,3985,时代粉酱面条料90
2437,3986,洁柔新形象
2438,3987,洁柔出口装
2439,3988,太阳2卷特惠装
2440,3989,串屋西瓜棉花糖（120)
2441,3990,雪丽糍、草莓味
2442,3991,串屋棉花糖（40)
2443,3992,450白瓷汾酒一坛香
2444,3993,精酿杏花村
2445,3994,杏花村世世兴
2446,3995,杏花村盛事兴
2447,3996,450杏花村
2448,3997,兰花盒杏花村特酿
2449,3998,特制杏花村
2450,3999,50度4506杏花村福酒
2451,4000,杏花村
2452,4001,红杏花村世之兴
2453,4002,杏花村酒
2454,4003,4506杏花村
2455,4004,杏花村世世兴
2456,4005,杏花村
2457,4006,杏花村特酿
2458,4007,精品杏花村
2459,4008,和氏贝能健幼儿奶粉
2460,4009,和氏贝能健婴儿奶粉
2461,4010,和氏贝能健较大婴儿奶粉
2462,4011,580和氏豆奶粉
2463,4012,巨尔保鲜纯牛奶
2464,4013,巨尔保鲜纯牛奶
2465,4014,巨尔高钙纯牛奶
2466,4015,巨尔高钙纯牛奶
2467,4016,徐福记草莓酥230
2468,4017,徐福记棒糖
2469,4018,徐福记橡皮糖
2470,4019,徐福记橡皮糖
2471,4020,徐福记甜橙味棉花糖
2472,4021,徐福记牛奶条
2473,4022,徐福记乳酸奶糖
2474,4023,徐福记牛奶糖
2475,4024,卷心酥奶油
2476,4025,徐福记草莓酥
2477,4026,徐福记蛋黄
2478,4027,徐福记煎饼丸子鸡蛋115
2479,4028,保宁香醋
2480,4029,光友粉丝
2481,4030,光友米线酸辣味
2482,4031,光友酸辣粉
2483,4032,光友酸辣粉
2484,4033,光友米线酸辣牛肉味
2485,4034,光友红烧牛肉味米线
2486,4035,光友酸辣牛肉粉丝
2487,4036,光友香辣牛肉粉
2488,4037,光友泡椒粉
2489,4038,10020袋光友粉丝
2490,4039,光友香菇粉丝
2491,4040,合津润九制杨梅
2492,4041,彩虹糖
2493,4042,彩虹糖
2494,4043,德芙迷你纯牛奶巧力豆(M&M)40
2495,4044,德芙香烤椰巧力
2496,4045,酷儿果汁水蜜桃500
2497,4046,富贵满堂
2498,4047,880桶蒙达莉曲奇饼干
2499,4048,750桶蒙达莉曲奇饼干
2500,4049,潮盛牌香港橄榄菜
2501,4050,龙丹金装乳宝1段
2502,4051,龙丹金装乳宝2段
2503,4052,丁家宜清透洁面乳
2504,4053,丁家宜水油平衡洁面乳
2505,4054,海000牌野生紫菜
2506,4055,55掌上酥干脆面
2507,4056,樱花梦170野菊花花露水
2508,4057,桂林花轿腐乳
2509,4058,川南下饭菜
2510,4059,川南麻辣酱(420)
2511,4060,青蛙王子柠檬精品香皂100
2512,4061,606#彩色型牙刷
2513,4062,旺仔花生酥
2514,4063,10浪味仙
2515,4064,淘大黄豆酱油660
2516,4065,淘大草菇老500
2517,4066,淘大鲜味生王500
2518,4067,淘大黄豆酱油1000
2519,4068,鲁花菜籽调和油5000
2520,4069,珍珍核桃鲜牛奶
2521,4070,22524珍珍核桃鲜牛奶
2522,4071,225伊蒙牛奶
2523,4072,292乐天奶油蛋黄派
2524,4073,乐天巧力派30
2525,4074,大巧力派
2526,4075,高级口香糖
2527,4076,百味佳鸡精
2528,4077,百味佳袋鸡精227
2529,4078,百味佳番薯
2530,4079,52度6三星稻花香
2531,4080,福临门玉米胚芽油5000
2532,4081,福临门芝麻香油(500)
2533,4082,5000福临门葵花籽油
2534,4083,四海调和油
2535,4084,120安迪雪洁面乳
2536,4085,225贝丽玛洗手液
2537,4086,60贝丽玛牙膏
2538,4087,100贝丽玛香皂
2539,4088,400安迪雪洗发水
2540,4089,200安迪雪洗发水
2541,4090,125安迪雪着哩膏
2542,4091,150安迪雪着哩水
2543,4092,宝和豆豉鱼碎200
2544,4093,火锅午餐肉
2545,4094,电童
2546,4095,豪香香辣酱
2547,4096,上海苏式饼
2548,4097,上海无糖月饼
2549,4098,上海冰皮月饼
2550,4099,老白干500
2551,4100,马铅笔2B 6B
2552,4101,石花菜
2553,4102,家乐鸡精(220)
2554,4103,牛轧糖228
2555,4104,40粒国群花生牛轧糖
2556,4105,一帘幽梦丽人香皂100
2557,4106,新肤乳液护养香皂
2558,4107,新肤玉兰香皂100
2559,4108,新肤玉兰补水香皂100
2560,4109,倩芬营养霜
2561,4110,18花香花Q油
2562,4111,100花香5舒缓滋润香皂
2563,4112,安琪酵母
2564,4113,500春玉蒜姜醋
2565,4114,雀巢咖啡
2566,4115,嘉宝高蛋白奶米粉
2567,4116,雀巢巧力咖啡
2568,4117,雀巢全脂奶粉40050
2569,4118,雀巢抹茶奶香
2570,4119,P-30020兔巴哥核桃牛奶
2571,4120,P-10040兔巴哥乳味饮料
2572,4121,P-兔巴哥依恋酸奶
2573,4122,丹丹火锅底料
2574,4123,丹丹豆瓣酱
2575,4124,丹丹酸菜鱼泡菜
2576,4125,丹丹豆瓣
2577,4126,雄发大阪胶枣
2578,4127,红酒话梅
2579,4128,雄发农家姜
2580,4129,雄发开心果
2581,4130,腰果
2582,4131,加州杏仁
2583,4132,哈密瓜西梅
2584,4133,甜情梅
2585,4134,草莓冰乌梅
2586,4135,草莓冰清梅
2587,4136,草莓冰梅肉
2588,4137,菠萝话梅
2589,4138,新情人梅
2590,4139,同旺奶梅
2591,4140,猴王棉花糖
2592,4141,棉花糖
2593,4142,黄金豆
2594,4143,翡翠豆
2595,4144,情人梅
2596,4145,大阪话梅
2597,4146,蜂蜜杨梅
2598,4147,雄心开心果
2599,4148,雄发牛肉干
2600,4149,九制话梅
2601,4150,九制杨梅
2602,4151,咸干花生
2603,4152,台北泡脆桃
2604,4153,台北杨桃爽
2605,4154,雄发鱿鱼丝
2606,4155,雄发白瓜子
2607,4156,鱿鱼丝
2608,4157,开心果
2609,4158,话梅肉
2610,4159,雄发九制老婆梅
2611,4160,开心果
2612,4161,雄发动情橄榄
2613,4162,老婆梅
2614,4163,伊客奶梅
2615,4164,味滋滋玫瑰梅
2616,4165,味滋滋
2617,4166,味滋滋台湾梅肉
2618,4167,劲霸鸡汁调味料
2619,4168,伊人衣领净
2620,4169,椰丽椰子软糖
2621,4170,椰丽椰子糖
2622,4171,波力海苔原味45
2623,4172,40波力辣味雪柳丝
2624,4173,波力渔趣
2625,4174,庄稼汉
2626,4175,SHN美白保湿霜
2627,4176,普利诗内裤
2628,4177,普利诗内裤
2629,4178,普利诗内裤
2630,4179,普利诗内裤
2631,4180,普利诗内裤
2632,4181,普利诗内裤
2633,4182,普利诗女士内裤
2634,4183,普利诗内裤
2635,4184,普利诗内裤
2636,4185,普利诗内裤
2637,4186,普利诗内裤
2638,4187,普利诗内裤
2639,4188,普利诗内裤
2640,4189,普利诗女内裤
2641,4190,普利诗内裤
2642,4191,普利诗内裤
2643,4192,普利诗内裤
2644,4193,童之宝儿童内裤
2645,4194,普利诗男士内裤
2646,4195,普利诗女内裤
2647,4196,普利诗内裤
2648,4197,普利诗时尚女内裤
2649,4198,普利诗内裤
2650,4199,餐宝钢化耐热玻璃餐具MW65＃
2651,4200,519E29
2652,4201,519E29
2653,4202,羊羊100幼儿3段听
2654,4203,关山婴儿奶粉
2655,4204,关山金装婴儿奶粉
2656,4205,519E29
2657,4206,美时美巧力棒
2658,4207,咖啡巧力
2659,4208,巧王巧力
2660,4209,正航无蔗糖椒盐饼干
2661,4210,盛龙棉花糖
2662,4211,310大象玉米粒
2663,4212,香辣蚕豆
2664,4213,怪味蚕豆
2665,4214,正金沙心莲心
2666,4215,蒂花之秀
2667,4216,郁美净侧柏草本牙膏
2668,4217,京京牌优级绵
2669,4218,胡姬花花生调和油
2670,4219,18000金龙鱼色拉油
2671,4220,吉梦空气清新剂
2672,4221,利梦控油洗发水
2673,4222,利梦柔顺洗发水
2674,4223,振能双层蒸锅
2675,4224,振能美式高锅
2676,4225,振能盆
2677,4226,振能盆
2678,4227,振能不锈钢电水壶扁形24
2679,4228,振能豪威圆饭盒14
2680,4229,豪伟不锈钢锅盖
2681,4230,豪伟不锈钢锅盖
2682,4231,豪威锅盖36
2683,4232,豪伟不锈钢锅盖
2684,4233,振能奶锅
2685,4234,振能小奶锅
2686,4235,软趣红豆味
2687,4236,广合软趣
2688,4237,软趣绿茶蜜桃
2689,4238,新新宝贝清新剂
2690,4239,茂达活性钙200
2691,4240,180日新麦香牛奶
2692,4241,18028日新麦香牛奶
2693,4242,南洋无味杀虫剂
2694,4243,伯蒂牛奶巧力
2695,4244,伯蒂苹果软心巧力各种味
2696,4245,伯蒂牛奶巧力
2697,4246,300大红袍
2698,4247,500力可儿童蜂蜜膏
2699,4248,500力可洋槐蜂蜜
2700,4249,嘉佳友月饼
2701,4250,嘉佳友老月饼
2702,4251,嘉佳友月饼
2703,4252,嘉佳友福月临门
2704,4253,嘉佳友月饼
2705,4254,嘉佳友月饼
2706,4255,嘉佳友富贵月饼
2707,4256,嘉佳友鸿福月饼
2708,4257,嘉佳友团圆美满
2709,4258,嘉佳友福临门月饼
2710,4259,嘉佳友富贵月饼
2711,4260,益力健鳕鱼肝油
2712,4261,益力健牛奶果蔬软胶囊
2713,4262,福临门调和油
2714,4263,绿茶牙膏
2715,4264,肤歌幽兰除菌皂
2716,4265,立白植物洗衣皂
2717,4266,立白椰油洗衣皂
2718,4267,立白除菌洗衣粉650
2719,4268,立白除菌洗衣粉
2720,4269,立白超洁清新
2721,4270,立白易漂洗
2722,4271,S-30020立白活氧超洁洗衣粉
2723,4272,彩奇洗衣粉
2724,4273,S-28000彩奇洗衣粉
2725,4274,立白超洁清新
2726,4275,立白强效粉
2727,4276,立白超洁粉
2728,4277,立白易飘洗
2729,4278,S-450彩奇洗衣粉
2730,4279,225超洁粉
2731,4280,立白强效去渍洗衣粉
2732,4281,600彩奇洗衣粉
2733,4282,180彩奇洗衣粉
2734,4283,300彩奇洗衣粉
2735,4284,18彩奇洗衣粉
2736,4285,立白超浓缩
2737,4286,立白浓缩粉
2738,4287,肤歌柠檬沐浴露
2739,4288,肤歌熏衣草沐浴露
2740,4289,肤歌归竹叶沐浴露
2741,4290,立白组合皂
2742,4291,超威桂花杀虫剂
2743,4292,立白木瓜洗洁精
2744,4293,立白冷水洗衣粉
2745,4294,立白衣物柔顺剂
2746,4295,立白浓郁馥香皂
2747,4296,25可蒙霜
2748,4297,孩儿面大王
2749,4298,镇江姜汁醋
2750,4299,爱诺润唇ㄠ、葡萄
2751,4300,爱诺润唇ㄠ、香橙
2752,4301,爱诺防晒霜
2753,4302,爱诺润唇ㄠ、玫瑰
2754,4303,安记粉蒸肉50
2755,4304,安记排骨王50
2756,4305,安记海鲜调味粉180
2757,4306,400干枣
2758,4307,亲亲宝贝鳕鱼肝油
2759,4308,崭切刀
2760,4309,飞梭双刀
2761,4310,崭切刀
2762,4311,柏丽丝ㄠ水
2763,4312,柏丽丝ㄠ水
2764,4313,柏丽丝ㄠ水
2765,4314,柏丽丝茶精华者喱
2766,4315,柏丽丝茶精华嗜喱
2767,4316,柏丽丝茶精华嗜喱
2768,4317,600云泽矿泉水
2769,4318,中华紫菜汤
2770,4319,72真实惠紫菜汤
2771,4320,野生紫采
2772,4321,16K型复写纸
2773,4322,绍兴料酒
2774,4323,野生紫菜
2775,4324,野生紫菜
2776,4325,草原兴发羊肉串
2777,4326,沁彩润唇油
2778,4327,芬达
2779,4328,高露洁维C牙膏
2780,4329,高露洁高钙
2781,4330,高露洁草本牙膏
2782,4331,高露洁维C
2783,4332,担担面方
2784,4333,伞塔调料系列
2785,4334,伞塔调料系列
2786,4335,好珍佳圆形紫菜
2787,4336,雪丽糍小丸饼
2788,4337,农夫乌龙茶瓜子138
2789,4338,农夫山庄红薯果脯
2790,4339,今生有缘巧力
2791,4340,脆皮果仁巧力(薄荷)
2792,4341,奶酪曲奇
2793,4342,洗发水
2794,4343,依美洗发露
2795,4344,幼嫩海带丝
2796,4345,103斯美特方面
2797,4346,118金装131思圆面
2798,4347,P-7250双块口口香
2799,4348,92双包双料斯美特
2800,4349,9250包双包双料斯美特
2801,4350,10524珍品思圆面
2802,4351,102思圆面
2803,4352,10250思圆面
2804,4353,105思圆方便面
2805,4354,10524思圆方便面
2806,4355,9550斯美特自然一派
2807,4356,95斯美特自然一派
2808,4357,思圆红烧牛肉面
2809,4358,思圆劲辣牛肉面
2810,4359,思圆酸辣肉丝面
2811,4360,122御品思圆面
2812,4361,12224御品思圆面
2813,4362,思圆方便面
2814,4363,思圆椒香大骨面
2815,4364,思圆炖乌鸡
2816,4365,思圆葱油肉蓉面
2817,4366,10350斯美特方便面
2818,4367,110桶思圆面
2819,4368,11012桶思圆面
2820,4369,106精装思圆
2821,4370,10650精装思圆
2822,4371,110桶思圆
2823,4372,11012桶思圆
2824,4373,富华椰子糖
2825,4374,85金钱梅肉
2826,4375,酷口奶油味威化
2827,4376,酷口香草巧力威化
2828,4377,蜜炼枇杷糖
2829,4378,110阿庆嫂辣椒油
2830,4379,月月舒5P丝薄型柔棉卫生巾
2831,4380,月月舒10P迷你型迷你巾
2832,4381,月月舒特惠礼包
2833,4382,花仙子网面内裤
2834,4383,得生收音机
2835,4384,德生电视伴音收音机
2836,4385,老布特咖啡木糖醇
2837,4386,老布特无胶咖啡糖
2838,4387,正林咸花生（400)
2839,4388,正林黑瓜子
2840,4389,55020澳的利纯净水
2841,4390,青春之花木瓜洗面奶
2842,4391,青春之花芦荟洗面奶
2843,4392,威倩洗发水
2844,4393,威倩洗发水
2845,4394,P-9650双块红烧新白象
2846,4395,P-10030白象面
2847,4396,P-10050单块老白象
2848,4397,P-6040投降狗
2849,4398,P-12024白象大骨面
2850,4399,P-10521包金白象
2851,4400,1205白象大骨面5合1
2852,4401,浪味仙蔬菜味
2853,4402,100美王香皂
2854,4403,美王人参洁面乳
2855,4404,美王儿童营养霜
2856,4405,美王儿童滋润防冻霜
2857,4406,美王儿童保湿嫩肤霜
2858,4407,110美王超白牙膏
2859,4408,美王甘菊沐浴露
2860,4409,美王香薰沐浴露
2861,4410,美王柠檬沐浴露
2862,4411,90美王空气清新剂(柠檬)
2863,4412,90美王空气清新剂(桂花淡香)
2864,4413,90美王空气清新剂(国际芳香)
2865,4414,90美王空气清新剂(茉莉幽香)
2866,4415,美王200洗发水各种香型
2867,4416,美王300护发素各种香型
2868,4417,125名飘香皂
2869,4418,蒂花之秀11超值套装
2870,4419,蒂花之秀洗发露
2871,4420,蒂花之秀特效洗发露750
2872,4421,蒂花之秀营养滋润
2873,4422,蒂花之秀h油膏
2874,4423,蒂花之秀h油膏300
2875,4424,蒂花之秀300护发素各种香型
2876,4425,105蒂花之秀香皂
2877,4426,阳光果油弹力素
2878,4427,水塔老陈醋
2879,4428,罗贯中陈醋
2880,4429,水塔黄豆酱油
2881,4430,水塔老陈醋
2882,4431,罗贯中老陈醋
2883,4432,碧螺春
2884,4433,精选名茶、毛尖
2885,4434,旺旺老翁凉茶
2886,4435,津城果仁巧力
2887,4436,百乐麦阶段面
2888,4437,中包山楂
2889,4438,怪味胡豆
2890,4439,米多多麦通
2891,4440,19018金锣鸡肉肠
2892,4441,旺旺妞小脆饼22
2893,4442,35浪味仙
2894,4443,展翔钙面
2895,4444,展翔龙须面
2896,4445,展翔担担面
2897,4446,展翔精粉挂面
2898,4447,展翔绿豆面
2899,4448,展翔荞麦面
2900,4449,旺旺O泡（原味）
2901,4450,旺旺O泡草莓味
2902,4451,恐龙特工队
2903,4452,雪浪净螨保湿霜
2904,4453,雪浪祛痘霜
2905,4454,苯鸡蛋礼箱
2906,4455,露露核桃牛奶
2907,4456,105名人物美白健齿牙膏
2908,4457,435苏菲夜网卫生巾
2909,4458,5苏菲日网动感卫生巾
2910,4459,10苏菲日网动感卫生巾
2911,4460,102苏菲夜网卫生巾
2912,4461,20苏非护垫
2913,4462,神象饺子粉2000
2914,4463,神象特一粉25000
2915,4464,神象饺子粉
2916,4465,神象特一粉
2917,4466,太子乐金装1003段
2918,4467,加加鸡精
2919,4468,永芳超级乌梅皇100
2920,4469,永芳超级嘉应子100
2921,4470,永芳超级酱福梅100
2922,4471,永芳超级陈皮梅100
2923,4472,银江草菇老
2924,4473,肖家花椒粒
2925,4474,肖家炖肉调料
2926,4475,京宫北京二锅头
2927,4476,京宫二锅头50度
2928,4477,京宫蓝色特制43度酒
2929,4478,京宫二锅头1750
2930,4479,京宫珍品二锅头
2931,4480,蓝带啤酒350
2932,4481,蓝带纯生啤酒350
2933,4482,东湖一年老陈醋
2934,4483,赞得保暖衣
2935,4484,赞得保暖衣
2936,4485,赞德保暖衣
2937,4486,赞德保暖衣
2938,4487,赞得保暖衣
2939,4488,赞得保暖衣
2940,4489,赞得保暖衣
2941,4490,赞得保暖衣
2942,4491,汉斯啤酒
2943,4492,汉斯干啤
2944,4493,汉斯干啤（整件）
2945,4494,樟脑精挂条
2946,4495,花翠鸟唇膏
2947,4496,花翠鸟唇膏
2948,4497,花翠鸟唇膏
2949,4498,花翠鸟唇膏
2950,4499,顺胜四层长方架7344
2951,4500,顺胜高级盆1018
2952,4501,顺胜多用盆
2953,4502,熊猫派蛋糕
2954,4503,好丽友薯
2955,4504,48好友趣
2956,4505,盼盼真实惠家庭号
2957,4506,100盼盼天然紫菜
2958,4507,盼盼薯条
2959,4508,盼盼软面包80
2960,4509,盼盼法式软面包160
2961,4510,香菇橄榄菜
2962,4511,300味宝蛋黄饼
2963,4512,550味宝蛋黄饼
2964,4513,90味宝格格蛋圈
2965,4514,60翱翔芝麻圈
2966,4515,08好圆珠笔
2967,4516,喜之郎吸吸果冻棒
2968,4517,喜之郎什锦
2969,4518,枣都枣花蜂蜜500
2970,4519,枣都枣花蜜1000
2971,4520,枣都枣花蜂蜜精品礼盒5002
2972,4521,知音免洗大红枣1380
2973,4522,枣都枣花蜜450
2974,4523,知音免洗大红枣460
2975,4524,枣都福枣礼盒(红枣干)600
2976,4525,枣都洋槐蜜1000
2977,4526,枣都枣花蜜950
2978,4527,枣都洋槐蜜950
2979,4528,枣都多花种蜂蜜950
2980,4529,枣都紫云英蜂蜜950
2981,4530,银鸽柔萱10卷装
2982,4531,银鸽贴心系列卷纸10卷装
2983,4532,400亮壮洗发水
2984,4533,360波仔芦荟罐头
2985,4534,360波仔椰果罐头
2986,4535,360波仔明珠果饮料
2987,4536,小乐鼠护肤霜
2988,4537,佳派木瓜香皂
2989,4538,佳派柠檬香皂
2990,4539,佳派樱桃香皂
2991,4540,佳派男士玉兰油霜
2992,4541,佳派洗手液、芦荟
2993,4542,佳派洗手液
2994,4543,750天下无敌杀虫剂
2995,4544,750高瓶杀虫剂
2996,4545,川灵爽口开胃菜218
2997,4546,川灵红油春笋218
2998,4547,川灵200香辣盐菜
2999,4548,川灵泡菜
3000,4549,川灵200美味下饭菜
3001,4550,川灵五香家常豆
3002,4551,川灵三丝
3003,4552,川灵酸菜鱼
3004,4553,川灵黄花什锦218
3005,4554,45牛肉豆
3006,4555,伯爵咖啡
3007,4556,伯爵咖啡
3008,4557,160红威脆脆
3009,4558,408鹰威奶香小布丁
3010,4559,500麦香小布丁
3011,4560,400鹰威饼干
3012,4561,125舒肽洁大宝香皂
3013,4562,B-283文具盒
3014,4563,7元文具盒
3015,4564,B-295文具盒
3016,4565,A-04文具盒
3017,4566,荷花宝宝秀
3018,4567,阿一波深水海带
3019,4568,农夫山泉天然水
3020,4569,20特日欣护垫
3021,4570,108喔喔奶糖
3022,4571,大风车棒冰
3023,4572,大风车可乐冰
3024,4573,大风车棒冰
3025,4574,老鼠爱大米清爽洗发水
3026,4575,老鼠爱大米洗发水、特润
3027,4576,老鼠爱大米洗发水、蜂蜜
3028,4577,老鼠爱大米洗发水、芦荟
3029,4578,卡珀姿维Cㄠ膏
3030,4579,卡珀姿海洋ㄠ膏
3031,4580,卡珀姿绿茶ㄠ膏
3032,4581,卡珀姿清爽控油洁面乳
3033,4582,卡珀姿活炭深层洁面乳
3034,4583,韩尚美营养保湿霜
3035,4584,韩尚美抗皱嫩肤霜
3036,4585,韩尚美净化美白修护
3037,4586,韩尚美保湿活肤乳
3038,4587,韩尚美深层保湿精华素
3039,4588,韩尚美净化美白粉底液
3040,4589,韩尚美保湿活肤乳
3041,4590,韩尚美净爽洁面乳
3042,4591,韩尚美美白活肤洁面乳
3043,4592,葱伴侣酱
3044,4593,春露西湖藕粉
3045,4594,190美洁5卷特惠装纸
3046,4595,8020粒美洁高级无芯卷纸
3047,4596,125美洁长木桨纸
3048,4597,600美洁20粒纯木浆纸
3049,4598,180美洁2粒纯木浆纸
3050,4599,美洁纯木浆2卷装纸
3051,4600,来福老陈醋
3052,4601,杰仕芳香樟脑丸
3053,4602,金博友指甲剪
3054,4603,博友指甲刀
3055,4604,博友钥匙扣
3056,4605,博友匙扣
3057,4606,博友指甲刀
3058,4607,博友指甲刀
3059,4608,鲇阎讣舻
3060,4609,博友指甲刀
3061,4610,S-580喜来多中华珍宝罐头头
3062,4611,1250喜来多珍宝罐头
3063,4612,S-580喜来多黄桃罐头
3064,4613,S-580喜来多什锦罐头
3065,4614,S-418喜来多什锦水果罐头
3066,4615,S-418喜来多椰果罐头
3067,4616,S-418喜来多梨球罐头
3068,4617,S-418喜来多山揸罐头
3069,4618,1200喜来多杏罐头
3070,4619,S-1000喜来多黄桃罐头
3071,4620,S-720喜来多椰果罐头
3072,4621,1200喜来多什锦罐头
3073,4622,S-700喜来多雪梨罐头
3074,4623,高原牧场牛乳饼干
3075,4624,高原牧场牛乳饼干
3076,4625,蓝带啤酒
3077,4626,40全味咖哩粉
3078,4627,20守护星新概念组合网
3079,4628,30守护星新概念组合网
3080,4629,20天天药物护理组合网面卫生巾
3081,4630,30天天药物护理组合网
3082,4631,康百佳牛奶
3083,4632,新感觉真超薄139-1000
3084,4633,新感觉真超薄140-1M
3085,4634,没烦恼网面超薄卫生巾
3086,4635,新感觉柔棉日用卫生巾
3087,4636,新感觉网面日用卫生巾
3088,4637,益母草清爽卫生护垫
3089,4638,雅客荔枝吸吸冻
3090,4639,雅客吸吸冻
3091,4640,雅客吸吸冻
3092,4641,雅客吸吸冻
3093,4642,雅客香草薄荷糖
3094,4643,雅客香草糖
3095,4644,雅客V936
3096,4645,雅客嘀哒嘀奶糖
3097,4646,雅客嘀哒嘀奶糖
3098,4647,雅客草莓木糖醇
3099,4648,雅客蓝梅
3100,4649,雅客QQ糖
3101,4650,雅客VQ芒果味
3102,4651,雅客VQ葡萄味
3103,4652,雅客VQ可乐味
3104,4653,雅客VQ酸奶味
3105,4654,雅客葡萄吸吸冻
3106,4655,雅客原味奶茶
3107,4656,雅客蜜瓜木糖醇
3108,4657,雅客香橙木糖醇
3109,4658,雅客草莓夹心糖
3110,4659,佰纳红葡萄酒
3111,4660,民权红葡萄酒
3112,4661,50015康师傅鲜的每日C水晶葡萄
3113,4662,锐意本
3114,4663,锐意本
3115,4664,康师傅桃汁350
3116,4665,康师傅绿茶350
3117,4666,康师傅酸梅汤350
3118,4667,康师傅茉莉清茶350
3119,4668,康师傅茉莉蜜茶
3120,4669,908桶雅鲜鸡粉
3121,4670,623雅鲜美味老王
3122,4671,青豆果子
3123,4672,巧媳妇老
3124,4673,巧媳妇老陈醋（袋装）
3125,4674,大重庆火锅底料(200)
3126,4675,麻辣烫火锅底料(200)
3127,4676,100友联家常油辣子
3128,4677,海鲜王三鲜火锅底料(200)
3129,4678,油辣子
3130,4679,260云鹤芝麻球
3131,4680,云鹤月饼
3132,4681,北京永丰二锅头
3133,4682,北京永丰二锅头
3134,4683,北京永丰二锅头
3135,4684,北京永丰二锅头
3136,4685,北京永丰二锅头
3137,4686,1000港荣沙琪玛
3138,4687,无味杀虫剂
3139,4688,提格方巾
3140,4689,4756浏阳河金世纪三星
3141,4690,年年旺紫菜
3142,4691,100年年旺紫菜
3143,4692,一得阁墨汁
3144,4693,130韩妮海藻泥洗面奶
3145,4694,130韩妮薰衣草消斑止豆洁面乳
3146,4695,130韩妮美白奶盐洗面奶
3147,4696,伊倩男士控油洁面乳
3148,4697,伊倩男士海藻洁面乳
3149,4698,伊倩男士祛痘霜
3150,4699,伊倩男士活力霜
3151,4700,MAN男士美白洁面乳
3152,4701,可娜珍珠去死皮素
3153,4702,可娜去死皮素
3154,4703,手工精致木面带相框
3155,4704,560小保姆洗衣粉
3156,4705,小保姆洗衣粉
3157,4706,10424代华龙面到福来
3158,4707,11512桶华龙珍品坊
3159,4708,今麦郎上品袋面
3160,4709,一元王（红烧味）
3161,4710,华龙一元王整件（香辣）
3162,4711,P-9650双块华龙面
3163,4712,12124今麦郎秦皇膳坊
3164,4713,小康家庭面
3165,4714,128桶今麦郎秦皇膳坊
3166,4715,115小康家庭120面
3167,4716,S-五合一辣煌尚
3168,4717,P-11050六丁目
3169,4718,华龙拉面（整件）
3170,4719,11524小康家庭120面
3171,4720,大碗香红烧味
3172,4721,大碗香超辣味
3173,4722,9550华龙大碗香
3174,4723,S-500华龙手打鸡蛋面
3175,4724,S-500华龙手打龙须面
3176,4725,S-350华龙手打龙须面
3177,4726,光华粉丝馆
3178,4727,102今麦郎弹面
3179,4728,10224今麦郎弹面
3180,4729,华龙10慧面
3181,4730,5040包华龙爆火脆
3182,4731,1027小康家庭100面
3183,4732,华龙红烧牛肉面
3184,4733,今野拉面原汁猪骨面
3185,4734,特价华龙麻花脆
3186,4735,辣皇尚
3187,4736,79华龙今道好面好吃
3188,4737,7950华龙今道好面好吃
3189,4738,110华龙今道大圆面
3190,4739,11024华龙今道大圆面
3191,4740,今麦郎辣煌尚
3192,4741,104今道面馆
3193,4742,10450今道面馆
3194,4743,121今麦郎一品炖
3195,4744,12124今麦郎一品炖
3196,4745,今麦郎劲爆辣鸡
3197,4746,今麦郎爆仔军粮
3198,4747,今麦郎甜辣双番
3199,4748,今麦郎战斗烧烤
3200,4749,6030爆仔军粮
3201,4750,126桶今麦郎一品炖
3202,4751,今麦郎葱香排骨面
3203,4752,彩色铅笔
3204,4753,太子奶酸酸乳
3205,4754,新一代菊花晶
3206,4755,禹记炖肉王
3207,4756,乐畅炖鸡王
3208,4757,禹记花椒
3209,4758,纯胡椒粉
3210,4759,花椒粉
3211,4760,五香粉
3212,4761,嫩肉粉
3213,4762,禹记孜然粉
3214,4763,芥末粉
3215,4764,禹记王中王十八鲜
3216,4765,麻辣鱼料
3217,4766,大盘鸡料
3218,4767,禹记白芝麻
3219,4768,卡通新族软糖
3220,4769,思念竹香蜜粽
3221,4770,思念汤圆
3222,4771,思念汤圆
3223,4772,115代思念S米线
3224,4773,11520代思念S米线
3225,4774,思念火炬粽
3226,4775,S-四合一思念米线
3227,4776,85思念米福记
3228,4777,8520思念米福记
3229,4778,金丝猴无蔗糖巧力
3230,4779,金丝猴黑巧力
3231,4780,金丝猴牛奶巧力
3232,4781,金丝猴水果味硬糖
3233,4782,金丝猴果冻
3234,4783,香辣豆干
3235,4784,泡椒豆干
3236,4785,麦乐芙（草莓味）
3237,4786,麦乐芙（抹茶味）
3238,4787,麦乐芙（可可味）
3239,4788,麦乐芙（牛奶味）
3240,4789,爱尚心心卷
3241,4790,爱尚心心卷
3242,4791,爱尚小小卷
3243,4792,爱尚心心卷
3244,4793,爱尚小小卷
3245,4794,福马香橙派
3246,4795,咖啡梅子
3247,4796,哈密瓜梅子
3248,4797,宏泰记 九制话梅
3249,4798,玫瑰花味话梅90
3250,4799,宏泰记酷妹子哈密瓜味奶
3251,4800,宏泰记酷妹子香橙味奶
3252,4801,辣妹子菠萝
3253,4802,380七仙缘米酒
3254,4803,900七仙缘米酒
3255,4804,400七仙缘米酒
3256,4805,880七仙缘米酒
3257,4806,爽心黑芝麻
3258,4807,2仙竹洗衣粉
3259,4808,小丑娃花椒粉
3260,4809,小丑娃麻辣鲜
3261,4810,小丑娃胡椒粉
3262,4811,小丑娃孜然粉
3263,4812,小丑娃五香粉
3264,4813,小丑娃花椒粉
3265,4814,小丑娃煮肉料
3266,4815,小丑娃炖鸡料
3267,4816,小丑娃花椒
3268,4817,小丑娃八角
3269,4818,小丑娃火锅底料
3270,4819,小丑娃鸡精
3271,4820,小丑娃鸡精
3272,4821,小丑娃孜然粉
3273,4822,小丑娃鱼香肉丝料
3274,4823,小丑娃麻辣豆腐
3275,4824,富贵男士纯棉平角裤
3276,4825,4504汶权安纶女收腹裤
3277,4826,汶权女士平角裤
3278,4827,汶权全棉平角裤
3279,4828,康师傅红烧牛肉面
3280,4829,康师傅香菇炖鸡面
3281,4830,伟龙美笛琴音壶
3282,4831,伟龙美笛琴音壶
3283,4832,吉祥碗
3284,4833,肉丝豆豉油辣椒
3285,4834,125舒态美大宝香皂
3286,4835,五合巧力卷
3287,4836,香当当软面包
3288,4837,博通绿豆
3289,4838,博通大红枣
3290,4839,博通黑芝麻
3291,4840,小三鞭
3292,4841,450伏牛白酒
3293,4842,六味地黄
3294,4843,盐菜
3295,4844,威纳邦羽绒服清洗剂
3296,4845,威纳邦内裤洁
3297,4846,滇虹康王
3298,4847,富光太空杯
3299,4848,富光杯子
3300,4849,老村长5006红双喜
3301,4850,老村长
3302,4851,武陟油茶
3303,4852,果味丹
3304,4853,百利金梅
3305,4854,百利菠萝汁120
3306,4855,百利草莓汁话梅120
3307,4856,百利  雪花梅
3308,4857,百利情人梅肉
3309,4858,百利情人葡萄梅
3310,4859,佰利好西梅
3311,4860,水晶葡萄
3312,4861,梅子
3313,4862,雪梅
3314,4863,百利杏福人生
3315,4864,杏福人生
3316,4865,杏福人生
3317,4866,西梅
3318,4867,梅子
3319,4868,西梅
3320,4869,800古洛鸡味老
3321,4870,800古洛香醋
3322,4871,380包圣济醋
3323,4872,捷丽浴盐
3324,4873,双枪竹筷
3325,4874,双枪四雅君子筷
3326,4875,缤纯亮采粉底霜
3327,4876,拉方适度造型哩水
3328,4877,缤纯爽肤液
3329,4878,瑞事临百年红原汁葡萄酒
3330,4879,金奖白兰地 700
3331,4880,瑞事临葡萄酒欢乐阳光
3332,4881,小麻花
3333,4882,冠生园大白兔114
3334,4883,惠林香菇150
3335,4884,惠林黑木耳100
3336,4885,惠林老冰糖500
3337,4886,惠林火锅粉条350
3338,4887,惠林益母红糖450
3339,4888,惠林白砂糖450
3340,4889,维维牛奶加钙麦
3341,4890,澳洲奶梅
3342,4891,赛亚粥用小米
3343,4892,赛亚小杂粮香小米
3344,4893,赛亚八宝粥
3345,4894,赛亚小杂红豆
3346,4895,赛亚小杂粮黑香米
3347,4896,赛亚小杂粮绿豆
3348,4897,泰国糯米
3349,4898,赛亚豆浆黄豆
3350,4899,赛亚牌东北香米5
3351,4900,赛亚香米5
3352,4901,赛亚顶上泰国香米5
3353,4902,赛亚牌银川雪米5
3354,4903,赛亚牌泰国香米5
3355,4904,赛亚牌粥用香米
3356,4905,太太乐高汤精
3357,4906,太太乐高汤精
3358,4907,广中皇麻油腐乳380
3359,4908,广中皇麻油百腐乳380
3360,4909,28金鸽葵花瓜子
3361,4910,金鸽瓜子
3362,4911,金鸽瓜子
3363,4912,63金鸽瓜子
3364,4913,金鸽白瓜子
3365,4914,金鸽西瓜子
3366,4915,金鸽煮瓜子
3367,4916,富运烧菜香
3368,4917,富运辣油王
3369,4918,富运香辣王
3370,4919,有友泡椒凤爪180
3371,4920,有友豆干
3372,4921,有友泡椒豆干
3373,4922,塑柄扫把
3374,4923,袁姐洗碗巾-01
3375,4924,紫林醋（袋装）
3376,4925,紫林宴会醋500
3377,4926,益佰中老年高钙
3378,4927,62012奥妙净蓝风暴洗衣粉
3379,4928,奥妙洗衣粉
3380,4929,紫罗兰爽身粉
3381,4930,招财固体清新剂
3382,4931,蓝猫草莓洗发水
3383,4932,蓝猫草莓沐浴露
3384,4933,蓝猫草莓嫩肤霜
3385,4934,蓝猫维他命保湿霜
3386,4935,半球薄煎饼烤肉
3387,4936,半球薄煎饼奶油
3388,4937,核桃钳
3389,4938,达盛葡萄酒开
3390,4939,达盛葡萄酒开
3391,4940,达盛三合一开
3392,4941,达盛家用剪
3393,4942,大号水勺000-1221
3394,4943,龙士达圆型纸巾桶
3395,4944,龙士达小号方篮
3396,4945,龙士达中号方篮
3397,4946,智强牛奶加钙燕麦
3398,4947,圣元2段奶粉
3399,4948,崂山苏打水
3400,4949,康师傅酸梅汤
3401,4950,康师傅冰红茶350
3402,4951,康师傅葡萄
3403,4952,200金贝贝菊花晶
3404,4953,珍极黄豆酱油1000
3405,4954,盛达郫县豆瓣220
3406,4955,创雅诺内裤
3407,4956,创雅诺女士内裤
3408,4957,创雅诺女士平角裤
3409,4958,创雅诺女内裤
3410,4959,创雅诺女士小平角裤
3411,4960,创雅诺女士平角裤
3412,4961,创雅诺男内裤
3413,4962,创雅诺内裤
3414,4963,男创雅诺平角裤
3415,4964,创诺雅内裤
3416,4965,创雅诺男内裤
3417,4966,创雅诺内裤
3418,4967,创雅诺平角裤
3419,4968,创雅诺内裤
3420,4969,创雅诺内裤
3421,4970,创雅诺内裤
3422,4971,创雅诺男内裤
3423,4972,创雅诺男士平脚裤
3424,4973,创雅诺平角裤
3425,4974,男创雅诺平角裤
3426,4975,男创雅诺平角裤
3427,4976,创诺雅内裤
3428,4977,创雅诺男内裤
3429,4978,创雅诺男士平脚裤
3430,4979,创雅诺男士平脚裤
3431,4980,创雅诺男士平角裤
3432,4981,创雅诺女士套装
3433,4982,油烟净
3434,4983,绿伞洗衣液
3435,4984,比洁327牙刷
3436,4985,毛竹纤维天然袜
3437,4986,松鹤菲尔袜子
3438,4987,松鹤菲尔男袜
3439,4988,松鹤菲尔男袜
3440,4989,松鹤菲尔休闲袜
3441,4990,松鹤松口男袜
3442,4991,松鹤菲尔袜
3443,4992,松鹤菲尔男袜
3444,4993,松鹤男士袜
3445,4994,松鹤菲尔女袜
3446,4995,松鹤网袜
3447,4996,松鹤菲尔袜子
3448,4997,松鹤菲尔男袜
3449,4998,松鹤非尔童袜
3450,4999,松鹤童袜
3451,5000,松鹤菲尔袜子
3452,5001,松鹤菲尔袜子
3453,5002,松鹤菲尔毛圈袜
3454,5003,70英联星仔饼
3455,5004,阳阳红油豆瓣
3456,5005,阳阳红油豆瓣
3457,5006,水果沙拉
3458,5007,凉拌菜调料150
3459,5008,胖子大盘鸡150
3460,5009,好口福麻辣十八鲜
3461,5010,好口福芝麻香
3462,5011,好口福肉味十八鲜
3463,5012,好口福排骨肉味
3464,5013,好口福凉拌菜
3465,5014,好口福炒菜王
3466,5015,90大富贵面
3467,5016,魔法帝国奶酥玉米味
3468,5017,魔法帝国巴西烤肉味
3469,5018,355随身饮料
3470,5019,强力清洁布(双层)
3471,5020,新桥餐具套3883
3472,5021,雅致餐具套3884
3473,5022,铁师傅芝麻酱
3474,5023,乡王花椒油
3475,5024,姜油
3476,5025,乡王麻辣油
3477,5026,宝泉岭大豆酱
3478,5027,招财柠檬固体清新剂
3479,5028,康师傅水晶葡萄
3480,5029,佰亿佳榨菜丝
3481,5030,480正顺米醋
3482,5031,800正顺镇江陈醋
3483,5032,800正顺镇江香醋
3484,5033,450正顺姜汁香醋
3485,5034,480正顺宴会香醋
3486,5035,480正顺蒜姜香醋
3487,5036,480正顺凉拌香醋
3488,5037,800正顺饺子醋
3489,5038,480正顺姜汁香醋
3490,5039,800正顺凉拌香醋
3491,5040,800正顺酿造陈醋
3492,5041,金苑20斤精制面粉
3493,5042,金苑精特龙须面
3494,5043,金苑面粉
3495,5044,金苑特一粉
3496,5045,110金苑大骨面
3497,5046,106金苑拉面王
3498,5047,10650金苑拉面王
3499,5048,55金苑芝麻香
3500,5049,7050金苑芝麻香
3501,5050,70金苑芝麻香
3502,5051,11024金苑大骨面
3503,5052,红灯笼火锅佐料
3504,5053,中南榨菜芯
3505,5054,杜伪小磨油
3506,5055,杜伪香油
3507,5056,杜伪纯净香油
3508,5057,杜伪纯净香油
3509,5058,杜伪黑芝麻香油
3510,5059,杜伪小磨香油
3511,5060,杜伪香油
3512,5061,蔬菜煎饼香葱味
3513,5062,万福蜂蜜曲奇
3514,5063,86老奶奶花生米
3515,5064,精梳棉男袜子
3516,5065,浪莎喜庆新年男袜子
3517,5066,浪莎抗菌女袜子
3518,5067,开心100%精品男袜子
3519,5068,浪莎男袜
3520,5069,精梳棉男袜子
3521,5070,镇江永恒纯米醋
3522,5071,泳恒镇姜汁香醋
3523,5072,泳恒红米醋
3524,5073,泳恒镇江陈醋
3525,5074,米醋
3526,5075,111天方五谷飘香方便面
3527,5076,1121天方五谷飘香方便面
3528,5077,105天方清真牛肉面
3529,5078,紫林陈醋　
3530,5079,益冠麻油辣腐乳
3531,5080,益冠红麻辣腐乳
3532,5081,益冠麻油白腐乳
3533,5082,乐当家酸菜汤
3534,5083,乐当家酸辣汤
3535,5084,乐当家紫菜香菇汤
3536,5085,纸皮核桃
3537,5086,杨毅焊边U型碗
3538,5087,杨毅焊边砂律碗
3539,5088,佳乐葵花碗
3540,5089,欣旺红油豆瓣
3541,5090,得劲茉莉花茶
3542,5091,啃得麦香饼干
3543,5092,苔烧薄饼
3544,5093,120福通薄脆
3545,5094,福通黑芝麻饼干
3546,5095,福通大红枣薄脆饼干
3547,5096,顺旺香葱王
3548,5097,顺旺大红枣
3549,5098,4484傲帝世家男士厚袜
3550,5099,1499泽华女厚袜
3551,5100,三辉面包
3552,5101,三辉烧贝壳
3553,5102,三辉面包
3554,5103,沙土甘草黑西瓜子
3555,5104,金峻日太空杯
3556,5105,听青岛啤酒
3557,5106,消斑堂美白套装
3558,5107,消斑堂美白洁面乳
3559,5108,小家伙AD钙奶
3560,5109,100小家伙维奶
3561,5110,10048小家伙维奶
3562,5111,550小家伙矿泉水
3563,5112,华纳清嘴西梅
3564,5113,华纳初恋九制话梅
3565,5114,华纳话梅条
3566,5115,华纳雪莓
3567,5116,华纳雪花应子
3568,5117,华纳酸提子
3569,5118,华纳九制话梅
3570,5119,顶峰白醋
3571,5120,鼎丰白醋
3572,5121,顺昌荔浦香芋糕
3573,5122,顺昌纯正桂花糕
3574,5123,顺昌桂花马蹄糕
3575,5124,金顺昌壮乡桂圆糕150
3576,5125,顺昌桂花板粟糕
3577,5126,顺昌桂花绿豆糕
3578,5127,金顺昌桂花白果糕150
3579,5128,桂花薄脆饼干
3580,5129,桂花香芋饼干
3581,5130,桂花芝麻饼干
3582,5131,桂花香葱饼干
3583,5132,五香牛肉
3584,5133,五香驴肉
3585,5134,五香狗肉
3586,5135,真的好想你
3587,5136,真的好想你枣
3588,5137,李锦记精选生
3589,5138,32真巧蛋卷
3590,5139,真巧巧力曲奇饼干
3591,5140,真巧巧力曲奇饼干
3592,5141,真巧巧力饼干
3593,5142,真巧草莓饼干
3594,5143,天使乐园清新剂90
3595,5144,透明小号长方盘
3596,5145,冷水壶
3597,5146,胜亮果盒
3598,5147,胜亮纸巾筒
3599,5148,胜亮果缸
3600,5149,果盘
3601,5150,胜亮调料盒
3602,5151,50024养生园纯净水
3603,5152,卫群加碘食盐
3604,5153,雪兰山原汁葡萄酒
3605,5154,完美芦荟牙膏
3606,5155,洗发水
3607,5156,心相印熏衣草钱夹手帕纸
3608,5157,心相印婴儿单湿巾
3609,5158,心相印
3610,5159,心相印品诺纸
3611,5160,心相印盒
3612,5161,心相印盒
3613,5162,心相印餐巾纸
3614,5163,武陟中老年油茶
3615,5164,1000武怀白桃
3616,5165,1000武怀雪犁
3617,5166,傻明比萨饼
3618,5167,神箭彩棉女袜
3619,5168,三笑288牙刷
3620,5169,三椒牙刷
3621,5170,三椒牙刷
3622,5171,怡雪184牙刷
3623,5172,幻巧力
3624,5173,幻巧力
3625,5174,五香驴肉
3626,5175,漂柔爽绿茶锔油
3627,5176,漂柔爽薄荷清凉
3628,5177,漂柔爽首乌黑亮
3629,5178,130旺旺劲道酒
3630,5179,旺旺碎碎冰
3631,5180,艇牌洗衣皂
3632,5181,艇牌无磷超强洗衣皂
3633,5182,依风免蒸h油膏
3634,5183,味老大竹菜板
3635,5184,巴巴脆麦香鸡块
3636,5185,10812顶大米线
3637,5186,108顶大米线
3638,5187,巴巴脆冰虾条
3639,5188,10318顶大米线
3640,5189,巴巴脆薄荷味
3641,5190,巴巴脆大礼包
3642,5191,巴巴脆虾条
3643,5192,55巴巴脆虾条
3644,5193,卷餐巾纸
3645,5194,紫金花200软
3646,5195,幻色保湿唇彩
3647,5196,山楂卷
3648,5197,汇丰果丹皮
3649,5198,07雷琪唇膏
3650,5199,寇寇茶油腐乳
3651,5200,好太太棉拖把
3652,5201,好太太拖把
3653,5202,好太太拖把
3654,5203,好太太拖把
3655,5204,伯缘牛奶夹心巧力
3656,5205,快餐杯
3657,5206,12530东圣酒
3658,5207,5006东圣特曲
3659,5208,60000东圣大曲
3660,5209,纸筒
3661,5210,辉煌纸巾盒
3662,5211,辉煌冷水壶
3663,5212,旅行杯
3664,5213,S-5318休闲化妆袋
3665,5214,盛而美8005双层卡通杯
3666,5215,盛而美衣架
3667,5216,博采可擦笔
3668,5217,思朗香苔薄饼
3669,5218,思郎礼盒
3670,5219,思朗杏仁酥饼
3671,5220,思郎饼干
3672,5221,红玛瑙番茄酱
3673,5222,小倍尔爽
3674,5223,长通型牛奶杯
3675,5224,新世亚牛奶杯
3676,5225,275通花纸箩
3677,5226,五环竹荪25
3678,5227,五环茶树菇
3679,5228,五环冬菇（250）
3680,5229,五环炖鸡料
3681,5230,石塔山黑木耳
3682,5231,五环芋头粉（350）
3683,5232,五环荣平桂皮100
3684,5233,荣平黑木耳
3685,5234,日记本
3686,5235,凝望本
3687,5236,纸鹤
3688,5237,HAPPY本
3689,5238,猴子本
3690,5239,糖果屋本
3691,5240,非主流本
3692,5241,水之患去屑洗发水
3693,5242,水之患控油洗发水
3694,5243,水之患冰爽洗发水
3695,5244,李师傅糖蒜
3696,5245,老李头辣椒油
3697,5246,陈州甜面酱400
3698,5247,李师傅五香萝卜干
3699,5248,黄花什锦
3700,5249,李师傅酸辣豆豉
3701,5250,陈州家常豆豉228
3702,5251,郯乐龙须面200
3703,5252,300连宜麻辣香
3704,5253,S-660成吉罐头
3705,5254,超爽纸尿裤M
3706,5255,200众乐鸡精
3707,5256,50度红盒三粮液
3708,5257,485九年三粮液
3709,5258,485三粮液皇冠
3710,5259,250三粮液皇冠
3711,5260,52度三粮液
3712,5261,宝娜斯613男士薄型绅士袜
3713,5262,宝娜斯153 6足组男对袜
3714,5263,宝娜斯男袜M080
3715,5264,150古松黄花菜
3716,5265,150古松木耳
3717,5266,50古松花椒
3718,5267,50古松大料
3719,5268,380古松龙口粉丝
3720,5269,100古松桂皮
3721,5270,180古松粉丝
3722,5271,320古松绿豆宽粉
3723,5272,200古松绿豆宽粉
3724,5273,100古松黄花菜
3725,5274,蒸肉粉
3726,5275,蒸肉粉
3727,5276,000ADY(1872)香水
3728,5277,小金桂香水、桂水香
3729,5278,100飘影香皂
3730,5279,100塑料盒飘影香皂
3731,5280,飘影净白润肤香皂
3732,5281,绿箭绿茶口香糖（三条装）
3733,5282,益达无糖口香糖清爽西瓜味
3734,5283,益达木糖醇98
3735,5284,150大大果冻特软泡泡糖
3736,5285,真知棒
3737,5286,肉粉
3738,5287,迎客松黑木耳
3739,5288,迎客松天然银耳
3740,5289,东北黑木耳
3741,5290,85男士霜
3742,5291,奋达时尚男袜
3743,5292,禧鹤大豆油
3744,5293,香辣牛肉干
3745,5294,五香牛肉干
3746,5295,小护士水嫩美白滋润霜
3747,5296,小护士水嫩美白滋润液
3748,5297,美宝莲润唇膏
3749,5298,小护士晒后霜
3750,5299,喷漆45P钢胆保温桶
3751,5300,佳尔爽纸尿裤
3752,5301,大号佳尔爽纸尿裤
3753,5302,佳爽儿童纸尿
3754,5303,20佳爽0418蓝芯网面
3755,5304,20佳爽0432蓝芯棉面
3756,5305,佳爽纸尿裤
3757,5306,20佳爽草本网面卫生巾
3758,5307,20P佳爽益母草网组合卫生
3759,5308,30p佳爽益母草香熏组合
3760,5309,30佳爽动感透气组合网卫生巾
3761,5310,20佳爽清凉薄荷网面卫生巾
3762,5311,30佳爽清凉薄荷网面卫生巾
3763,5312,佳爽成人尿
3764,5313,佳爽成人尿裤
3765,5314,20佳爽1958芦荟网面
3766,5315,20佳爽1965芦荟棉面
3767,5316,10佳爽薰衣草组合网卫生巾
3768,5317,16佳爽2016组合网面卫生巾
3769,5318,20佳爽2023夜短网面卫生巾
3770,5319,20佳爽2030夜长网面卫生巾
3771,5320,20佳爽2047组合网面卫生巾
3772,5321,20佳爽2054组合棉面卫生巾
3773,5322,10佳爽薰衣草组合棉卫生巾
3774,5323,肉松蒜香味
3775,5324,肉松烧烤味
3776,5325,肉松香辣味
3777,5326,豪威尔栗烧
3778,5327,日式泡泡饼
3779,5328,神田麻辣粉3510
3780,5329,神田红八角30
3781,5330,神田红辣椒20
3782,5331,神田芝麻仁粉
3783,5332,神田粉皮200
3784,5333,神田香辣芝麻盐
3785,5334,五香香酥炸鸡料
3786,5335,神田火锅粉皮200
3787,5336,神田五香面条料50
3788,5337,炖鸡料
3789,5338,神田炖排骨料30
3790,5339,神田炖牛羊料
3791,5340,750澳威利干红
3792,5341,原田樟脑丸
3793,5342,樟脑丸
3794,5343,三福合家欢糖果500
3795,5344,200汇源果果星饮料
3796,5345,250汇源真鲜橙礼盒
3797,5346,320听汇源真鲜橙
3798,5347,32024听汇源真鲜橙
3799,5348,20018汇源果果星饮料
3800,5349,汇源桃果肉（15000）
3801,5350,汇源桃果肉
3802,5351,汇源加气橙饮料
3803,5352,60015汇源加汽橙汁饮料
3804,5353,汇源1000果鲜美饮料
3805,5354,汇源全有果蔬汁
3806,5355,汇源梨果
3807,5356,汇源山楂果
3808,5357,汇源果汁醋
3809,5358,100%心意
3810,5359,汇源梨汁
3811,5360,80春叶牌泡菜
3812,5361,水白晶祛斑洗面露
3813,5362,倩雪劲爽清透洁面乳130
3814,5363,100采乐男士蜜
3815,5364,圣芳采乐洗发水
3816,5365,圣芳采乐洗发水
3817,5366,食全食美糖桂花
3818,5367,康嘉宝1235彩虹贮藏瓶(大)
3819,5368,齿王牙膏7
3820,5369,龙大夫藏秘牙膏
3821,5370,龙大夫牙膏
3822,5371,高乐高巧力味
3823,5372,高乐高草莓味
3824,5373,川乐菜
3825,5374,川乐爽口菜
3826,5375,川乐开味菜
3827,5376,川乐饭菜
3828,5377,老干爹油辣椒
3829,5378,蜂蜜
3830,5379,450蜂蜜
3831,5380,天赐圆儿童秋梨膏
3832,5381,404中号双层滴水盒
3833,5382,405小号滴水盒
3834,5383,400统业中小学生加锌奶粉
3835,5384,新果珍（菊花味）
3836,5385,新果珍（草莓味）
3837,5386,新果珍（柠檬味）
3838,5387,新果珍（菠萝味）
3839,5388,梦想欧洲奶酥饼蛋奶味
3840,5389,150梦想欧式奶酥
3841,5390,梦想加钙熊仔饼 80
3842,5391,150梦想杂粮消化饼(荞麦味)
3843,5392,150梦想杂粮消化饼(燕麦味)
3844,5393,梦想杂粮绿豆味
3845,5394,梦想香葱饼干
3846,5395,梦想奶油
3847,5396,梦想香葱
3848,5397,杂粮饼
3849,5398,杂粮消化饼
3850,5399,梦想老馋嘴饼干
3851,5400,梦想老馋嘴饼干
3852,5401,梦想红枣饼干
3853,5402,梦想孜然饼干
3854,5403,钙博士糖
3855,5404,蒙牛酸牛奶8连杯
3856,5405,蒙牛草莓酸牛奶
3857,5406,蒙牛芦荟果粒酸奶
3858,5407,蒙牛葡萄果粒酸奶
3859,5408,蒙牛芒果果粒酸奶
3860,5409,蒙牛瓜浓
3861,5410,蒙牛妙妙
3862,5411,蒙牛葡萄
3863,5412,奶酪杯
3864,5413,家洁胶棉地拖JJ-2213
3865,5414,家洁胶棉地拖JJ-2343
3866,5415,家洁吸水地拖2657
3867,5416,脱骨扒鸡
3868,5417,京遥豆沫
3869,5418,京遥胡辣汤
3870,5419,逍遥镇胡辣汤
3871,5420,900依丽丝洗发水
3872,5421,百吉猫沙琪玛（黑糖红枣味）
3873,5422,227野四阳鸡精
3874,5423,20舒娅药物卫生巾
3875,5424,30芙蓉卫生巾
3876,5425,20姐妹卫生巾
3877,5426,30姐妹卫生巾
3878,5427,20花世界卫生巾
3879,5428,40花世界卫生巾
3880,5429,400信婷洗发水
3881,5430,一家人牛奶加钙麦
3882,5431,妙脆角（原味）
3883,5432,妙脆角炭烧
3884,5433,妙脆角香浓辣鸡味
3885,5434,妙脆角（番茄味）
3886,5435,妙脆角双番味
3887,5436,蜜橙香露露
3888,5437,奋进口杯
3889,5438,奋进口杯
3890,5439,奋进口杯
3891,5440,休闲口杯
3892,5441,翰林口杯
3893,5442,惠德金丝蛋面
3894,5443,爱妻牌随手烧高压锅
3895,5444,舒莱夜用加长护垫
3896,5445,舒莱酷爽夜用、棉
3897,5446,舒莱清凉、网
3898,5447,舒莱护垫40P
3899,5448,舒莱16P、棉
3900,5449,舒莱薄棉、20P
3901,5450,舒莱加长护垫
3902,5451,香格里排骨王
3903,5452,香格里紫菜
3904,5453,香歌里紫菜
3905,5454,香格里鸡汁汤
3906,5455,10憨豆子虾米
3907,5456,香格里紫菜
3908,5457,13亲亲虾条
3909,5458,400润心菊花精
3910,5459,400东江菊花精
3911,5460,超越时尚袜
3912,5461,15粒集味村蛋黄派
